id,name,stop_type,location_id
1,HS_1,,
2,FBW_1,,
3,HN_2,,
4,ETE_1,,
5,EVL_1,,
6,ESZ_1,,
7,ESY_1,,
8,EVO_1,,
9,EMP_1,,
10,EIY_1,,
11,EJD_1,,
12,JU_1,,
13,EGK_1,,
14,EDU_1,,
15,BV_2,,
16,HO_1,,
17,ECN_1,,
18,ECK_1,,
19,EDB_1,,
20,DUJ_1,,
21,JE_1,,
22,EBB_1,,
23,EAQ_1,,
24,HY_1,,
25,DXM_1,,
26,DUE_1,,
27,DYA_1,,
28,ECH_1,,
29,ECI_1,,
30,DTX_1,,
31,HL_1,,
32,DTP_1,,
33,DQV_1,,
34,DQT_1,,
35,AU_3,,
36,DRA_1,,
37,DQE_1,,
38,DKO_1,,
39,JS_2,,
40,JC_2,,
41,DMK_1,,
42,HH_1,,
43,HP_2,,
44,DOW_1,,
45,DIW_1,,
46,DGA_1,,
47,DHS_1,,
48,DJT_1,,
49,DJM_1,,
50,DGM_1,,
51,JH_2,,
52,CTU_1,,
53,DFE_1,,
54,IB_2,,
55,U_3,,
56,DED_1,,
57,DAU_1,,
58,DDC_1,,
59,DAQ_1,,
60,CZG_1,,
61,CZB_1,,
62,GZ_1,,
63,CZZ_1,,
64,CXW_1,,
65,DAB_1,,
66,DAA_1,,
67,CZN_1,,
68,CWT_1,,
69,CWR_1,,
70,DKP_1,,
71,CVL_1,,
72,CXO_1,,
73,CUK_1,,
74,CRR_1,,
75,CUN_1,,
76,P_4,,
77,CRJ_1,,
78,CQV_1,,
79,CQU_1,,
80,EDQ_1,,
81,CQC_1,,
82,CQN_1,,
83,COT_1,,
84,COO_1,,
85,COF_1,,
86,HI_1,,
87,CMY_1,,
88,HG_2,,
89,CMQ_1,,
90,JR_2,,
91,CLT_1,,
92,HZ_1,,
93,CLE_1,,
94,CKV_1,,
95,CJR_1,,
96,CKA_1,,
97,CJX_1,,
98,GR_2,,
99,Y_2,,
100,CIW_1,,
101,J_2,,
102,CJE_1,,
103,CIN_1,,
104,CIL_1,,
105,CIJ_1,,
106,CIE_1,,
107,GV_2,,
108,CHP_1,,
109,HB_2,,
110,CHD_1,,
111,CGZ_1,,
112,CEP_1,,
113,CDW_1,,
114,CCW_1,,
115,CCI_1,,
116,CCE_1,,
117,CCA_1,,
118,CBZ_1,,
119,CBM_1,,
120,CAW_1,,
121,CAK_1,,
122,CAG_1,,
123,JX_2,,
124,CK_3,,
125,JL_1,,
126,BZR_1,,
127,CBG_1,,
128,BZB_1,,
129,BYO_1,,
130,JJ_2,,
131,BYK_1,,
132,CFM_1,,
133,BXW_1,,
134,BXT_1,,
135,BYU_1,,
136,BZI_1,,
137,BWT_1,,
138,CP_3,,
139,BVZ_1,,
140,BVV_1,,
141,BVL_1,,
142,BVF_1,,
143,BUY_1,,
144,BUU_1,,
145,BUO_1,,
146,BD_3,,
147,BUC_1,,
148,JD_2,,
149,BUL_1,,
150,BTI_1,,
151,BTB_1,,
152,BTA_1,,
153,BSF_1,,
154,BSA_1,,
155,BRZ_1,,
156,BRY_1,,
157,BRV_1,,
158,BRP_1,,
159,BRD_1,,
160,BQA_1,,
161,BPT_1,,
162,BPS_1,,
163,GW_2,,
164,BOS_1,,
165,BOP_1,,
166,BOM_1,,
167,BOG_1,,
168,HC_2,,
169,BOB_1,,
170,CU_2,,
171,BNV_1,,
172,BNN_1,,
173,A_7,,
174,BNJ_1,,
175,BNH_1,,
176,CU_3,,
177,BMX_1,,
178,BMS_1,,
179,BMH_1,,
180,GY_2,,
181,AC_4,,
182,BLR_1,,
183,Y_3,,
184,BLQ_1,,
185,BLW_1,,
186,L_3,,
187,BKU_1,,
188,W_1,,
189,BND_1,,
190,BKL_1,,
191,HV_2,,
192,DB_2,,
193,BJB_1,,
194,BJA_1,,
195,BIR_1,,
196,BIP_1,,
197,BKS_1,,
198,BKQ_1,,
199,BIC_1,,
200,BIB_1,,
201,BII_1,,
202,BHR_1,,
203,BHM_1,,
204,JN_1,,
205,DF_3,,
206,BHI_1,,
207,DH_2,,
208,BGY_1,,
209,BGW_1,,
210,BGS_1,,
211,BGQ_1,,
212,BGO_1,,
213,BGK_1,,
214,BGG_1,,
215,BGF_1,,
216,DJ_3,,
217,BLY_1,,
218,BDY_1,,
219,HT_1,,
220,BDS_1,,
221,BDO_1,,
222,BFW_1,,
223,HU_2,,
224,BCZ_1,,
225,HR_2,,
226,BCK_1,,
227,CI_2,,
228,BBJ_1,,
229,BBY_1,,
230,BBS_1,,
231,BBO_1,,
232,BBI_1,,
233,BBB_1,,
234,HK_2,,
235,BAQ_1,,
236,JI_2,,
237,JK_2,,
238,BAA_1,,
239,AZL_1,,
240,AZD_1,,
241,JT_2,,
242,AYY_1,,
243,BAU_1,,
244,AYP_1,,
245,AXQ_1,,
246,AXK_1,,
247,AWO_1,,
248,AUE_1,,
249,ATX_1,,
250,AWA_1,,
251,HF_1,,
252,ASN_1,,
253,ARW_1,,
254,APW_1,,
255,ASE_1,,
256,ARY_1,,
257,ARV_1,,
258,ATO_1,,
259,ATN_1,,
260,GU_1,,
261,AQX_1,,
262,H_3,,
263,AH_2,,
264,HW_2,,
265,AQP_1,,
266,BF_3,,
267,AQY_1,,
268,AQF_1,,
269,BEB_1,,
270,APD_1,,
271,APM_1,,
272,APJ_1,,
273,AOZ_1,,
274,AOX_1,,
275,IA_1,,
276,AOA_1,,
277,ANX_1,,
278,ALA_1,,
279,AMW_1,,
280,CD_2,,
281,HJ_2,,
282,AMP_1,,
283,AMM_1,,
284,ALR_1,,
285,AMB_1,,
286,HM_2,,
287,ASK_1,,
288,ASG_1,,
289,AKV_1,,
290,AKU_1,,
291,ALD_1,,
292,AKK_1,,
293,AKH_1,,
294,AKF_1,,
295,AKB_1,,
296,AMC_1,,
297,AJL_1,,
298,AHX_1,,
299,AIH_1,,
300,AIB_1,,
301,AHV_1,,
302,JF_2,,
303,JG_2,,
304,AJI_1,,
305,AGU_1,,
306,JO_1,,
307,JP_1,,
308,CH_2,,
309,AGL_1,,
310,AGH_1,,
311,GT_2,,
312,HX_1,,
313,IC_1,,
314,AO_2,,
315,ID_2,,
316,AFN_1,,
317,AFJ_1,,
318,AEW_1,,
319,AEU_1,,
320,AES_1,,
321,AER_1,,
322,BQ_1,,
323,AA_2,,
324,GS_1,,
325,O_3,,
326,AED_1,,
327,ABH_1,,
328,BI_2,,
329,ADQ_1,,
330,ADM_1,,
331,ADG_1,,
332,ACV_1,,
333,ACE_1,,
334,AR_1,,
335,ABX_1,,
336,ABT_1,,
337,ABM_1,,
338,ABK_1,,
339,AIR_1,,
340,AAP_1,,
341,HE_1,,
342,AAY_1,,
343,AAX_1,,
344,HD_1,,
345,AAS_1,,
346,AAR_1,,
347,ABZ_1,,
348,ZY_1,,
349,ZR_1,,
350,ZN_1,,
351,AO_3,,
352,ZM_1,,
353,ZE_1,,
354,GX_1,,
355,BJ_1,,
356,YS_1,,
357,YL_1,,
358,YJ_1,,
359,YC_1,,
360,XH_1,,
361,BI_3,,
362,XG_1,,
363,AF_2,,
364,AG_4,,
365,XE_1,,
366,XD_1,,
367,WY_1,,
368,WR_1,,
369,WQ_1,,
370,IF_1,,
371,IE_2,,
372,AXH_1,,
373,BW_1,,
374,VV_1,,
375,JQ_2,,
376,VC_1,,
377,UH_1,,
378,UG_1,,
379,TO_1,,
380,TN_1,,
381,TM_1,,
382,IQ_1,,
383,SZ_1,,
384,SY_1,,
385,UR_1,,
386,SL_1,,
387,SV_1,,
388,SD_1,,
389,HQ_2,,
390,SP_1,,
391,RX_1,,
392,RV_1,,
393,BS_1,,
394,RJ_1,,
395,QW_1,,
396,RP_1,,
397,IG_2,,
398,SQ_1,,
399,SR_1,,
400,SS_1,,
401,ST_1,,
402,LQ_2,,
403,SU_1,,
404,RO_1,,
405,QA_2,,
406,QX_1,,
407,BN_1,,
408,QV_1,,
409,QU_1,,
410,QT_1,,
411,QS_1,,
412,QR_1,,
413,QQ_1,,
414,RK_1,,
415,QO_1,,
416,QN_1,,
417,JC_1,,
418,QM_1,,
419,QZ_1,,
420,QY_1,,
421,RA_1,,
422,BQ_2,,
423,RB_1,,
424,RC_1,,
425,RD_1,,
426,RE_1,,
427,RF_1,,
428,RG_1,,
429,RH_1,,
430,AU_1,,
431,H_5,,
432,RI_1,,
433,Z_2,,
434,QP_1,,
435,YU_1,,
436,YV_1,,
437,YW_1,,
438,YX_1,,
439,UA_1,,
440,TL_1,,
441,RR_1,,
442,RS_1,,
443,RT_1,,
444,RU_1,,
445,BU_1,,
446,RW_1,,
447,ND_2,,
448,RY_1,,
449,AT_3,,
450,SA_1,,
451,SB_1,,
452,F_2,,
453,SC_1,,
454,MW_1,,
455,SE_1,,
456,MV_1,,
457,SG_1,,
458,SH_1,,
459,SI_1,,
460,SJ_1,,
461,SK_1,,
462,MU_1,,
463,SM_1,,
464,SN_1,,
465,IG_1,,
466,SO_1,,
467,UM_1,,
468,VD_1,,
469,VE_1,,
470,VF_1,,
471,VG_1,,
472,AX_3,,
473,SW_1,,
474,SX_1,,
475,Q_2,,
476,AV_3,,
477,TA_1,,
478,TB_1,,
479,TC_1,,
480,TD_1,,
481,MQ_2,,
482,TE_1,,
483,TF_1,,
484,TW_1,,
485,TH_1,,
486,TI_1,,
487,TJ_1,,
488,TK_1,,
489,UB_1,,
490,MO_1,,
491,MN_1,,
492,BY_3,,
493,TP_1,,
494,TQ_1,,
495,TR_1,,
496,TS_1,,
497,TT_1,,
498,TU_1,,
499,TV_1,,
500,TG_1,,
501,RL_1,,
502,RM_1,,
503,RN_1,,
504,SF_1,,
505,RQ_1,,
506,UC_1,,
507,UD_1,,
508,UE_1,,
509,UF_1,,
510,MK_2,,
511,MJ_1,,
512,AX_2,,
513,UI_1,,
514,CP_1,,
515,UJ_1,,
516,UK_1,,
517,UL_1,,
518,KQ_2,,
519,UN_1,,
520,UO_1,,
521,UP_1,,
522,UQ_1,,
523,VH_1,,
524,D_5,,
525,US_1,,
526,UT_1,,
527,UU_1,,
528,UV_1,,
529,UW_1,,
530,UX_1,,
531,UY_1,,
532,UZ_1,,
533,VA_1,,
534,VB_1,,
535,RZ_1,,
536,XN_1,,
537,HX_2,,
538,XO_1,,
539,IB_1,,
540,XP_1,,
541,XQ_1,,
542,XR_1,,
543,XC_1,,
544,VI_1,,
545,VJ_1,,
546,VK_1,,
547,VL_1,,
548,VM_1,,
549,VN_1,,
550,CH_1,,
551,VO_1,,
552,VP_1,,
553,VQ_1,,
554,WH_1,,
555,VS_1,,
556,VT_1,,
557,VU_1,,
558,LW_1,,
559,WM_1,,
560,VX_1,,
561,VY_1,,
562,VZ_1,,
563,WA_1,,
564,WB_1,,
565,WC_1,,
566,WD_1,,
567,WE_1,,
568,WF_1,,
569,WG_1,,
570,VR_1,,
571,AXE_1,,
572,AXF_1,,
573,AXG_1,,
574,MF_1,,
575,MH_2,,
576,AXI_1,,
577,WO_1,,
578,BX_1,,
579,AAT_1,,
580,WP_1,,
581,K_2,,
582,ME_1,,
583,WS_1,,
584,WT_1,,
585,WU_1,,
586,WV_1,,
587,XM_1,,
588,WX_1,,
589,MB_2,,
590,WZ_1,,
591,XA_1,,
592,XB_1,,
593,XS_1,,
594,MA_2,,
595,LY_2,,
596,XF_1,,
597,AY_2,,
598,LT_1,,
599,XI_1,,
600,XJ_1,,
601,XK_1,,
602,XL_1,,
603,AT_2,,
604,ZJ_1,,
605,AAA_1,,
606,AAB_1,,
607,AAC_1,,
608,AAD_1,,
609,ZO_1,,
610,XT_1,,
611,XU_1,,
612,XV_1,,
613,XW_1,,
614,XX_1,,
615,XY_1,,
616,XZ_1,,
617,YA_1,,
618,YB_1,,
619,LS_1,,
620,YT_1,,
621,YE_1,,
622,YF_1,,
623,YG_1,,
624,YH_1,,
625,YY_1,,
626,LV_2,,
627,YK_1,,
628,MG_1,,
629,YM_1,,
630,YN_1,,
631,YO_1,,
632,YP_1,,
633,YQ_1,,
634,YR_1,,
635,NE_1,,
636,YD_1,,
637,WI_1,,
638,WJ_1,,
639,WK_1,,
640,WL_1,,
641,YI_1,,
642,YZ_1,,
643,ZA_1,,
644,ZB_1,,
645,BR_3,,
646,HB_1,,
647,ZC_1,,
648,ZD_1,,
649,KW_1,,
650,ZF_1,,
651,ZG_1,,
652,ZH_1,,
653,ZI_1,,
654,ZZ_1,,
655,ZK_1,,
656,ZL_1,,
657,AZ_3,,
658,KU_2,,
659,AAE_1,,
660,ZP_1,,
661,ZQ_1,,
662,PP_2,,
663,ZS_1,,
664,ZT_1,,
665,ZU_1,,
666,ZV_1,,
667,ZW_1,,
668,ZX_1,,
669,AP_1,,
670,AGQ_1,,
671,ACL_1,,
672,ACM_1,,
673,ACN_1,,
674,ACO_1,,
675,AW_1,,
676,AAF_1,,
677,AAG_1,,
678,AAH_1,,
679,AAI_1,,
680,AAJ_1,,
681,AAK_1,,
682,AAL_1,,
683,AAM_1,,
684,AAN_1,,
685,AAO_1,,
686,ABF_1,,
687,JH_1,,
688,AAQ_1,,
689,PN_2,,
690,PL_2,,
691,QK_2,,
692,ABJ_1,,
693,AAU_1,,
694,AAV_1,,
695,AAW_1,,
696,PI_1,,
697,PH_1,,
698,AAZ_1,,
699,ABA_1,,
700,ABB_1,,
701,ABC_1,,
702,ABD_1,,
703,PQ_2,,
704,ABE_1,,
705,PE_1,,
706,AIO_1,,
707,AIP_1,,
708,AIQ_1,,
709,PB_2,,
710,AFQ_1,,
711,OZ_1,,
712,ABL_1,,
713,PJ_2,,
714,ABN_1,,
715,ABO_1,,
716,ABP_1,,
717,ABQ_1,,
718,AA_1,,
719,ABR_1,,
720,ABS_1,,
721,MJ_2,,
722,AQ_3,,
723,ACK_1,,
724,ABV_1,,
725,ABW_1,,
726,BG_3,,
727,ABY_1,,
728,ACP_1,,
729,ACA_1,,
730,ACB_1,,
731,ACC_1,,
732,ACD_1,,
733,KL_1,,
734,ACF_1,,
735,ACG_1,,
736,ACH_1,,
737,ACI_1,,
738,OZ_2,,
739,JF_1,,
740,ACJ_1,,
741,AEH_1,,
742,AEY_1,,
743,AEZ_1,,
744,AFA_1,,
745,AEL_1,,
746,ACQ_1,,
747,ACR_1,,
748,ACS_1,,
749,ACT_1,,
750,ACU_1,,
751,KG_2,,
752,ACW_1,,
753,ACX_1,,
754,ACY_1,,
755,ACZ_1,,
756,ADA_1,,
757,ADR_1,,
758,AU_2,,
759,ADC_1,,
760,ADD_1,,
761,HO_2,,
762,ADE_1,,
763,ADV_1,,
764,BK_1,,
765,ADH_1,,
766,ADI_1,,
767,ADJ_1,,
768,ADK_1,,
769,ADL_1,,
770,KA_1,,
771,ADN_1,,
772,ADO_1,,
773,ADP_1,,
774,LA_1,,
775,ADB_1,,
776,ABG_1,,
777,I_5,,
778,ABI_1,,
779,ADF_1,,
780,ADW_1,,
781,ADX_1,,
782,ADY_1,,
783,ADZ_1,,
784,AEA_1,,
785,AEB_1,,
786,AEC_1,,
787,LK_2,,
788,L_1,,
789,AEE_1,,
790,AEF_1,,
791,AEG_1,,
792,AEX_1,,
793,BZ_2,,
794,AEI_1,,
795,AEJ_1,,
796,AEK_1,,
797,AFB_1,,
798,AEM_1,,
799,AEN_1,,
800,AEO_1,,
801,AEP_1,,
802,AEQ_1,,
803,LG_2,,
804,BT_1,,
805,AET_1,,
806,LE_2,,
807,AEV_1,,
808,LD_1,,
809,ABU_1,,
810,AHH_1,,
811,AHI_1,,
812,AHJ_1,,
813,AHK_1,,
814,AHL_1,,
815,AGW_1,,
816,AFC_1,,
817,AFD_1,,
818,AFE_1,,
819,AFF_1,,
820,AFG_1,,
821,AFH_1,,
822,AFI_1,,
823,LB_1,,
824,AFK_1,,
825,AGB_1,,
826,AFM_1,,
827,LN_1,,
828,CQ_1,,
829,AFO_1,,
830,AFP_1,,
831,AGG_1,,
832,AFR_1,,
833,AFS_1,,
834,AFT_1,,
835,AFU_1,,
836,AFV_1,,
837,AFW_1,,
838,AFX_1,,
839,LF_1,,
840,AFY_1,,
841,AFZ_1,,
842,AGA_1,,
843,AFL_1,,
844,CL_3,,
845,TX_1,,
846,TY_1,,
847,LH_2,,
848,TZ_1,,
849,VW_1,,
850,WN_1,,
851,LI_2,,
852,AGI_1,,
853,AGJ_1,,
854,AGK_1,,
855,E_1,,
856,AGM_1,,
857,AGN_1,,
858,AGO_1,,
859,LJ_2,,
860,AGP_1,,
861,AHG_1,,
862,AGR_1,,
863,AGS_1,,
864,LL_2,,
865,AGT_1,,
866,LM_2,,
867,AGV_1,,
868,AHM_1,,
869,AGX_1,,
870,AGY_1,,
871,AGZ_1,,
872,AHA_1,,
873,AHB_1,,
874,AHC_1,,
875,AHD_1,,
876,AHE_1,,
877,AHF_1,,
878,AJD_1,,
879,AJU_1,,
880,AJV_1,,
881,AJW_1,,
882,AJX_1,,
883,LC_2,,
884,JY_2,,
885,AHN_1,,
886,KB_1,,
887,AHO_1,,
888,K_1,,
889,AHP_1,,
890,AHQ_1,,
891,AHR_1,,
892,AHS_1,,
893,AHT_1,,
894,AHU_1,,
895,KC_1,,
896,AHW_1,,
897,AIN_1,,
898,AHY_1,,
899,AHZ_1,,
900,AIA_1,,
901,V_2,,
902,AIS_1,,
903,CL_1,,
904,DF_2,,
905,AID_1,,
906,AIE_1,,
907,AIF_1,,
908,AIG_1,,
909,KD_1,,
910,AII_1,,
911,AIJ_1,,
912,AIK_1,,
913,AIL_1,,
914,AIM_1,,
915,KF_1,,
916,AGC_1,,
917,AGD_1,,
918,AGE_1,,
919,AGF_1,,
920,AIC_1,,
921,AIT_1,,
922,AIU_1,,
923,AIV_1,,
924,AIW_1,,
925,AIX_1,,
926,AIY_1,,
927,AIZ_1,,
928,AJA_1,,
929,AJB_1,,
930,AJC_1,,
931,AJT_1,,
932,AJE_1,,
933,AJF_1,,
934,AJG_1,,
935,AJH_1,,
936,AJY_1,,
937,AJJ_1,,
938,AJK_1,,
939,M_2,,
940,AJM_1,,
941,AJN_1,,
942,AJO_1,,
943,AJP_1,,
944,AJQ_1,,
945,AJR_1,,
946,AJS_1,,
947,WW_1,,
948,KS_1,,
949,AMD_1,,
950,AME_1,,
951,AMF_1,,
952,AMG_1,,
953,AMH_1,,
954,AMI_1,,
955,ALT_1,,
956,AJZ_1,,
957,AKA_1,,
958,KI_1,,
959,AKC_1,,
960,AKD_1,,
961,AKE_1,,
962,KJ_1,,
963,DH_3,,
964,AKW_1,,
965,KK_2,,
966,AKI_1,,
967,AKJ_1,,
968,KM_2,,
969,AKL_1,,
970,AKM_1,,
971,KN_2,,
972,AKO_1,,
973,KS_2,,
974,AKP_1,,
975,AKQ_1,,
976,AKR_1,,
977,AKS_1,,
978,AKT_1,,
979,AK_1,,
980,CE_3,,
981,AKG_1,,
982,CN_3,,
983,ASH_1,,
984,ASI_1,,
985,ASJ_1,,
986,QL_2,,
987,ASL_1,,
988,APK_1,,
989,PF_1,,
990,ALE_1,,
991,ALF_1,,
992,ALG_1,,
993,ALH_1,,
994,ALI_1,,
995,ALJ_1,,
996,ALK_1,,
997,OW_1,,
998,ALM_1,,
999,ALN_1,,
1000,ALO_1,,
1001,ALP_1,,
1002,ALQ_1,,
1003,N_3,,
1004,ALS_1,,
1005,AMJ_1,,
1006,PI_2,,
1007,ALU_1,,
1008,ALV_1,,
1009,ALW_1,,
1010,ALX_1,,
1011,ALY_1,,
1012,ALZ_1,,
1013,AMA_1,,
1014,ANY_1,,
1015,AOP_1,,
1016,AOQ_1,,
1017,AOR_1,,
1018,AOS_1,,
1019,AOT_1,,
1020,AOU_1,,
1021,AOF_1,,
1022,AMK_1,,
1023,AML_1,,
1024,OX_2,,
1025,AMN_1,,
1026,AMO_1,,
1027,OY_2,,
1028,AMQ_1,,
1029,AMR_1,,
1030,ANI_1,,
1031,AMT_1,,
1032,AMU_1,,
1033,CG_1,,
1034,AMV_1,,
1035,PC_2,,
1036,AMX_1,,
1037,AMY_1,,
1038,LV_1,,
1039,ANP_1,,
1040,ANA_1,,
1041,AC_2,,
1042,ANB_1,,
1043,ANC_1,,
1044,AND_1,,
1045,ANE_1,,
1046,ANF_1,,
1047,ANG_1,,
1048,ANH_1,,
1049,AMS_1,,
1050,AKX_1,,
1051,AKY_1,,
1052,AKZ_1,,
1053,PD_2,,
1054,ALB_1,,
1055,ALC_1,,
1056,AMZ_1,,
1057,ANQ_1,,
1058,ANR_1,,
1059,ANS_1,,
1060,BD_2,,
1061,ANT_1,,
1062,ANU_1,,
1063,ANV_1,,
1064,ANW_1,,
1065,PG_2,,
1066,BF_1,,
1067,AOO_1,,
1068,ANZ_1,,
1069,AN_1,,
1070,AOB_1,,
1071,AOC_1,,
1072,AOD_1,,
1073,AOE_1,,
1074,AOV_1,,
1075,AOG_1,,
1076,AOH_1,,
1077,AOI_1,,
1078,AOJ_1,,
1079,AOK_1,,
1080,AOL_1,,
1081,AOM_1,,
1082,AON_1,,
1083,ALL_1,,
1084,CR_2,,
1085,AQZ_1,,
1086,AG_1,,
1087,ARA_1,,
1088,ARB_1,,
1089,ARC_1,,
1090,ARD_1,,
1091,ARE_1,,
1092,ARF_1,,
1093,AQQ_1,,
1094,AOW_1,,
1095,BB_1,,
1096,AOY_1,,
1097,PK_2,,
1098,APA_1,,
1099,APB_1,,
1100,APC_1,,
1101,APT_1,,
1102,APE_1,,
1103,APF_1,,
1104,APG_1,,
1105,APH_1,,
1106,API_1,,
1107,C_2,,
1108,AQA_1,,
1109,APL_1,,
1110,PM_1,,
1111,APN_1,,
1112,APO_1,,
1113,APP_1,,
1114,APQ_1,,
1115,APR_1,,
1116,APS_1,,
1117,PO_1,,
1118,EQS_1,,
1119,EQT_1,,
1120,EQU_1,,
1121,EQV_1,,
1122,EQW_1,,
1123,EQX_1,,
1124,AQB_1,,
1125,LW_2,,
1126,AM_3,,
1127,AQC_1,,
1128,PB_1,,
1129,AQD_1,,
1130,AQE_1,,
1131,KH_1,,
1132,AQG_1,,
1133,AQH_1,,
1134,KT_2,,
1135,AQJ_1,,
1136,AQK_1,,
1137,AQL_1,,
1138,AQM_1,,
1139,AQN_1,,
1140,AQO_1,,
1141,JZ_1,,
1142,ARG_1,,
1143,KV_1,,
1144,AQR_1,,
1145,AQS_1,,
1146,AQT_1,,
1147,AQU_1,,
1148,AQV_1,,
1149,AQW_1,,
1150,KX_2,,
1151,KY_2,,
1152,ASV_1,,
1153,ATM_1,,
1154,KZ_2,,
1155,LR_1,,
1156,ATP_1,,
1157,ATQ_1,,
1158,CK_1,,
1159,ATR_1,,
1160,ATC_1,,
1161,ARH_1,,
1162,A_2,,
1163,ARI_1,,
1164,ARJ_1,,
1165,ARK_1,,
1166,ARL_1,,
1167,AV_1,,
1168,ARM_1,,
1169,ARN_1,,
1170,ARO_1,,
1171,ASF_1,,
1172,ARQ_1,,
1173,ARR_1,,
1174,ARS_1,,
1175,ART_1,,
1176,ARU_1,,
1177,MC_2,,
1178,ASM_1,,
1179,ARX_1,,
1180,B_1,,
1181,ARZ_1,,
1182,ASA_1,,
1183,ASB_1,,
1184,ASC_1,,
1185,ASD_1,,
1186,BH_3,,
1187,ARP_1,,
1188,APU_1,,
1189,APV_1,,
1190,BB_2,,
1191,AE_2,,
1192,APX_1,,
1193,APY_1,,
1194,APZ_1,,
1195,CT_1,,
1196,LU_2,,
1197,ASO_1,,
1198,ASP_1,,
1199,ASQ_1,,
1200,ASR_1,,
1201,ASS_1,,
1202,AST_1,,
1203,ASU_1,,
1204,BW_3,,
1205,ATL_1,,
1206,ASW_1,,
1207,ASX_1,,
1208,ASY_1,,
1209,ASZ_1,,
1210,ATA_1,,
1211,ATB_1,,
1212,ATS_1,,
1213,ATD_1,,
1214,ATE_1,,
1215,LL_1,,
1216,ATF_1,,
1217,ATG_1,,
1218,ATH_1,,
1219,ATI_1,,
1220,ATJ_1,,
1221,ATK_1,,
1222,BAC_1,,
1223,AVX_1,,
1224,AVY_1,,
1225,AVZ_1,,
1226,MI_1,,
1227,LZ_2,,
1228,AWB_1,,
1229,AWC_1,,
1230,AVN_1,,
1231,ATT_1,,
1232,ATU_1,,
1233,ATV_1,,
1234,ATW_1,,
1235,MD_2,,
1236,ATY_1,,
1237,ATZ_1,,
1238,AUA_1,,
1239,AUR_1,,
1240,LU_1,,
1241,AUC_1,,
1242,BG_2,,
1243,AUD_1,,
1244,HN_1,,
1245,CZ_3,,
1246,AUF_1,,
1247,LZ_1,,
1248,AUG_1,,
1249,AUX_1,,
1250,AUI_1,,
1251,AUJ_1,,
1252,GS_2,,
1253,AUK_1,,
1254,AUL_1,,
1255,AUM_1,,
1256,AUN_1,,
1257,AUO_1,,
1258,AUP_1,,
1259,AUQ_1,,
1260,AUB_1,,
1261,BCA_1,,
1262,BCB_1,,
1263,BCC_1,,
1264,BCD_1,,
1265,BCE_1,,
1266,BCF_1,,
1267,AZE_1,,
1268,AUY_1,,
1269,AUZ_1,,
1270,AVA_1,,
1271,DH_1,,
1272,AVB_1,,
1273,AVC_1,,
1274,AVD_1,,
1275,AVE_1,,
1276,AVF_1,,
1277,AVW_1,,
1278,AVH_1,,
1279,AVI_1,,
1280,AVJ_1,,
1281,AVK_1,,
1282,IE_1,,
1283,AVL_1,,
1284,AVM_1,,
1285,AWD_1,,
1286,AVO_1,,
1287,JQ_1,,
1288,AVP_1,,
1289,AVQ_1,,
1290,AVR_1,,
1291,AVS_1,,
1292,AVT_1,,
1293,AVU_1,,
1294,AVV_1,,
1295,AXT_1,,
1296,AYK_1,,
1297,AYL_1,,
1298,AYM_1,,
1299,AYN_1,,
1300,AYO_1,,
1301,AXZ_1,,
1302,AWE_1,,
1303,AWF_1,,
1304,AWG_1,,
1305,AWH_1,,
1306,AWI_1,,
1307,AWJ_1,,
1308,AWK_1,,
1309,W_4,,
1310,AWL_1,,
1311,HW_1,,
1312,AWM_1,,
1313,AXD_1,,
1314,KP_1,,
1315,AWP_1,,
1316,MK_1,,
1317,AWQ_1,,
1318,AWR_1,,
1319,AWS_1,,
1320,AXJ_1,,
1321,AWU_1,,
1322,AWV_1,,
1323,AWW_1,,
1324,AWX_1,,
1325,AWY_1,,
1326,AWZ_1,,
1327,AXA_1,,
1328,AXB_1,,
1329,AXC_1,,
1330,AWN_1,,
1331,AUS_1,,
1332,AUT_1,,
1333,AUU_1,,
1334,AUV_1,,
1335,MI_2,,
1336,AUW_1,,
1337,AWT_1,,
1338,KR_2,,
1339,AXL_1,,
1340,AXM_1,,
1341,AXN_1,,
1342,AXO_1,,
1343,AXP_1,,
1344,C_4,,
1345,LX_2,,
1346,AXR_1,,
1347,AXS_1,,
1348,AYJ_1,,
1349,AXU_1,,
1350,AXV_1,,
1351,AXW_1,,
1352,AXX_1,,
1353,AXY_1,,
1354,BA_3,,
1355,AYA_1,,
1356,AYB_1,,
1357,AYC_1,,
1358,AYD_1,,
1359,AC_3,,
1360,AYE_1,,
1361,AYF_1,,
1362,AYG_1,,
1363,AYH_1,,
1364,KJ_2,,
1365,AYI_1,,
1366,AVG_1,,
1367,BAT_1,,
1368,HE_2,,
1369,ML_1,,
1370,BAV_1,,
1371,BAW_1,,
1372,BAX_1,,
1373,KY_1,,
1374,BAY_1,,
1375,BAZ_1,,
1376,BAK_1,,
1377,AYQ_1,,
1378,AYR_1,,
1379,AYS_1,,
1380,AYT_1,,
1381,AYU_1,,
1382,U_2,,
1383,AYV_1,,
1384,AYW_1,,
1385,AZN_1,,
1386,MM_1,,
1387,AYZ_1,,
1388,AZA_1,,
1389,DD_1,,
1390,AZB_1,,
1391,AZC_1,,
1392,PF_2,,
1393,MP_1,,
1394,AZU_1,,
1395,AZF_1,,
1396,AZG_1,,
1397,CP_2,,
1398,AZH_1,,
1399,AZI_1,,
1400,AZJ_1,,
1401,AZK_1,,
1402,S_3,,
1403,AZM_1,,
1404,AYX_1,,
1405,ANJ_1,,
1406,ANK_1,,
1407,ANL_1,,
1408,V_4,,
1409,BH_1,,
1410,ANM_1,,
1411,ANN_1,,
1412,ANO_1,,
1413,AUH_1,,
1414,AZV_1,,
1415,AZW_1,,
1416,AZX_1,,
1417,AZY_1,,
1418,M_5,,
1419,AZZ_1,,
1420,MR_2,,
1421,MS_2,,
1422,BAB_1,,
1423,K_3,,
1424,BAS_1,,
1425,BAD_1,,
1426,BJ_2,,
1427,BAE_1,,
1428,BAF_1,,
1429,BAG_1,,
1430,BAH_1,,
1431,KO_2,,
1432,BAI_1,,
1433,BAJ_1,,
1434,BBA_1,,
1435,BAL_1,,
1436,BAM_1,,
1437,BAN_1,,
1438,BAO_1,,
1439,BAP_1,,
1440,MX_2,,
1441,BAR_1,,
1442,BCP_1,,
1443,BF_2,,
1444,BDG_1,,
1445,BDH_1,,
1446,BDI_1,,
1447,BDJ_1,,
1448,BDK_1,,
1449,MY_2,,
1450,BDL_1,,
1451,ND_1,,
1452,BCW_1,,
1453,MZ_1,,
1454,BBC_1,,
1455,BBD_1,,
1456,BBE_1,,
1457,BBF_1,,
1458,BBG_1,,
1459,BBH_1,,
1460,NA_2,,
1461,BBZ_1,,
1462,BBK_1,,
1463,BBL_1,,
1464,BBM_1,,
1465,BBN_1,,
1466,NB_2,,
1467,BBP_1,,
1468,BCG_1,,
1469,BBR_1,,
1470,NC_1,,
1471,BBT_1,,
1472,BBU_1,,
1473,BBV_1,,
1474,BU_3,,
1475,BBW_1,,
1476,BBX_1,,
1477,MT_2,,
1478,LO_2,,
1479,AZO_1,,
1480,AZP_1,,
1481,AZQ_1,,
1482,MM_2,,
1483,AZR_1,,
1484,AZS_1,,
1485,AZT_1,,
1486,BBQ_1,,
1487,BCH_1,,
1488,BCI_1,,
1489,BN_2,,
1490,PC_1,,
1491,BCJ_1,,
1492,LP_1,,
1493,BCL_1,,
1494,BCM_1,,
1495,BCN_1,,
1496,BCO_1,,
1497,BDF_1,,
1498,BCQ_1,,
1499,BCR_1,,
1500,BCS_1,,
1501,BCT_1,,
1502,BCU_1,,
1503,BCV_1,,
1504,BDM_1,,
1505,MA_1,,
1506,BCX_1,,
1507,BCY_1,,
1508,CB_1,,
1509,KE_1,,
1510,BDA_1,,
1511,EB_1,,
1512,BDB_1,,
1513,BDC_1,,
1514,BDD_1,,
1515,BDE_1,,
1516,CDM_1,,
1517,BFV_1,,
1518,EA_1,,
1519,BFH_1,,
1520,BDN_1,,
1521,CA_1,,
1522,BDP_1,,
1523,BDQ_1,,
1524,BDR_1,,
1525,DZ_1,,
1526,DY_2,,
1527,BDT_1,,
1528,BDU_1,,
1529,BDV_1,,
1530,BDW_1,,
1531,BDX_1,,
1532,DX_2,,
1533,BEP_1,,
1534,BEA_1,,
1535,BER_1,,
1536,BEC_1,,
1537,BED_1,,
1538,BEE_1,,
1539,IQ_2,,
1540,BEF_1,,
1541,BEG_1,,
1542,BEH_1,,
1543,BEI_1,,
1544,BEJ_1,,
1545,BEK_1,,
1546,BEL_1,,
1547,BEM_1,,
1548,BEN_1,,
1549,BEO_1,,
1550,BDZ_1,,
1551,BLX_1,,
1552,DK_3,,
1553,BIX_1,,
1554,BES_1,,
1555,BET_1,,
1556,BEU_1,,
1557,BEV_1,,
1558,BEW_1,,
1559,BEX_1,,
1560,BEY_1,,
1561,BEZ_1,,
1562,BFA_1,,
1563,BFB_1,,
1564,BFC_1,,
1565,BFD_1,,
1566,BFU_1,,
1567,BFF_1,,
1568,BFG_1,,
1569,BFX_1,,
1570,BFI_1,,
1571,BFJ_1,,
1572,BFK_1,,
1573,BFL_1,,
1574,BFM_1,,
1575,BFN_1,,
1576,BFO_1,,
1577,BFP_1,,
1578,N_1,,
1579,BFQ_1,,
1580,BFR_1,,
1581,BFS_1,,
1582,BFT_1,,
1583,BHQ_1,,
1584,V_1,,
1585,BIH_1,,
1586,BHS_1,,
1587,BFY_1,,
1588,BFZ_1,,
1589,BGA_1,,
1590,BGB_1,,
1591,BGC_1,,
1592,BGD_1,,
1593,BGE_1,,
1594,DW_2,,
1595,DV_2,,
1596,B_5,,
1597,BGH_1,,
1598,BGI_1,,
1599,BGJ_1,,
1600,DU_2,,
1601,Z_1,,
1602,BHB_1,,
1603,BHC_1,,
1604,BGN_1,,
1605,DI_2,,
1606,BGP_1,,
1607,DS_1,,
1608,M_3,,
1609,BGR_1,,
1610,DT_2,,
1611,BGT_1,,
1612,BT_3,,
1613,BGU_1,,
1614,BGV_1,,
1615,EW_2,,
1616,BGX_1,,
1617,G_1,,
1618,BGZ_1,,
1619,BHA_1,,
1620,BGL_1,,
1621,BEQ_1,,
1622,PG_1,,
1623,LG_1,,
1624,BGM_1,,
1625,BHD_1,,
1626,BHE_1,,
1627,AF_3,,
1628,BHF_1,,
1629,BH_2,,
1630,BHG_1,,
1631,BHH_1,,
1632,DG_3,,
1633,BHJ_1,,
1634,BHK_1,,
1635,DM_1,,
1636,BHL_1,,
1637,DN_1,,
1638,BHN_1,,
1639,BHO_1,,
1640,BHP_1,,
1641,BIG_1,,
1642,R_1,,
1643,DO_2,,
1644,BHT_1,,
1645,BHU_1,,
1646,BHV_1,,
1647,BHW_1,,
1648,BHX_1,,
1649,BHY_1,,
1650,BHZ_1,,
1651,BIA_1,,
1652,C_3,,
1653,DP_2,,
1654,T_1,,
1655,DP_1,,
1656,BID_1,,
1657,BIE_1,,
1658,BIF_1,,
1659,BFE_1,,
1660,DQ_1,,
1661,BKR_1,,
1662,DE_3,,
1663,BKD_1,,
1664,BIJ_1,,
1665,BIK_1,,
1666,BIL_1,,
1667,BIM_1,,
1668,Z_3,,
1669,BIN_1,,
1670,BIO_1,,
1671,DR_2,,
1672,JN_2,,
1673,BIQ_1,,
1674,DB_1,,
1675,EE_1,,
1676,I_1,,
1677,JT_1,,
1678,BIS_1,,
1679,MU_2,,
1680,BIT_1,,
1681,BJK_1,,
1682,BIV_1,,
1683,BIW_1,,
1684,BJN_1,,
1685,BIY_1,,
1686,BIZ_1,,
1687,DC_3,,
1688,ED_1,,
1689,BX_3,,
1690,BJC_1,,
1691,BJD_1,,
1692,BJE_1,,
1693,BJF_1,,
1694,BJG_1,,
1695,BJH_1,,
1696,BJI_1,,
1697,BJJ_1,,
1698,BIU_1,,
1699,CKI_1,,
1700,CKJ_1,,
1701,BXO_1,,
1702,BJO_1,,
1703,BJP_1,,
1704,BJQ_1,,
1705,BJR_1,,
1706,BJS_1,,
1707,CB_2,,
1708,BJT_1,,
1709,BJU_1,,
1710,BJV_1,,
1711,BJW_1,,
1712,BJX_1,,
1713,BJY_1,,
1714,BKP_1,,
1715,MZ_2,,
1716,BKA_1,,
1717,BKB_1,,
1718,EY_2,,
1719,BR_1,,
1720,BKC_1,,
1721,BKT_1,,
1722,BKE_1,,
1723,BKF_1,,
1724,BKG_1,,
1725,BKH_1,,
1726,BKI_1,,
1727,BKJ_1,,
1728,BKK_1,,
1729,EX_2,,
1730,L_5,,
1731,BKM_1,,
1732,BKN_1,,
1733,BKO_1,,
1734,BMM_1,,
1735,DL_2,,
1736,BNE_1,,
1737,BMP_1,,
1738,GN_2,,
1739,BKV_1,,
1740,F_3,,
1741,BKW_1,,
1742,BKX_1,,
1743,BKY_1,,
1744,BKZ_1,,
1745,BLA_1,,
1746,BLB_1,,
1747,BLC_1,,
1748,BLD_1,,
1749,E_2,,
1750,BLE_1,,
1751,CQ_3,,
1752,BLF_1,,
1753,GM_2,,
1754,BLH_1,,
1755,BLI_1,,
1756,BLZ_1,,
1757,BLK_1,,
1758,O_2,,
1759,BLL_1,,
1760,BLM_1,,
1761,BLN_1,,
1762,BLO_1,,
1763,BLP_1,,
1764,GL_2,,
1765,X_2,,
1766,BLS_1,,
1767,KN_1,,
1768,BLT_1,,
1769,BLU_1,,
1770,BLV_1,,
1771,BLG_1,,
1772,BJL_1,,
1773,CY_2,,
1774,BJM_1,,
1775,BLJ_1,,
1776,BMA_1,,
1777,BMB_1,,
1778,BMC_1,,
1779,BMD_1,,
1780,BME_1,,
1781,BMF_1,,
1782,BMG_1,,
1783,CX_1,,
1784,BMI_1,,
1785,BMJ_1,,
1786,BMK_1,,
1787,BML_1,,
1788,BNC_1,,
1789,GU_2,,
1790,DK_2,,
1791,BMN_1,,
1792,BMO_1,,
1793,BNF_1,,
1794,BMQ_1,,
1795,LF_2,,
1796,BMR_1,,
1797,CW_2,,
1798,BMT_1,,
1799,BMU_1,,
1800,BMV_1,,
1801,BMW_1,,
1802,CV_3,,
1803,BMY_1,,
1804,BMZ_1,,
1805,BNA_1,,
1806,BNB_1,,
1807,BTV_1,,
1808,BPA_1,,
1809,BNG_1,,
1810,GK_1,,
1811,BNI_1,,
1812,AJ_2,,
1813,BNK_1,,
1814,BNL_1,,
1815,BNM_1,,
1816,H_1,,
1817,GJ_1,,
1818,BNO_1,,
1819,BNP_1,,
1820,BNQ_1,,
1821,BNR_1,,
1822,BNS_1,,
1823,BNT_1,,
1824,BQG_1,,
1825,GI_1,,
1826,BNW_1,,
1827,BNX_1,,
1828,BNY_1,,
1829,HL_2,,
1830,KV_2,,
1831,GN_1,,
1832,BNZ_1,,
1833,DX_1,,
1834,BOA_1,,
1835,GH_1,,
1836,BOC_1,,
1837,BOD_1,,
1838,BOE_1,,
1839,AO_1,,
1840,MC_1,,
1841,BOF_1,,
1842,GG_1,,
1843,GQ_2,,
1844,BOH_1,,
1845,BOI_1,,
1846,BOJ_1,,
1847,BOK_1,,
1848,BSR_1,,
1849,BOL_1,,
1850,EO_1,,
1851,BON_1,,
1852,N_5,,
1853,BOO_1,,
1854,GD_2,,
1855,BOQ_1,,
1856,BOR_1,,
1857,BP_2,,
1858,BOT_1,,
1859,BOU_1,,
1860,BOV_1,,
1861,BOW_1,,
1862,BOX_1,,
1863,BOY_1,,
1864,BPP_1,,
1865,BPQ_1,,
1866,BPB_1,,
1867,BPC_1,,
1868,BPD_1,,
1869,BPE_1,,
1870,BPF_1,,
1871,BPG_1,,
1872,BPH_1,,
1873,BPI_1,,
1874,BPJ_1,,
1875,BW_2,,
1876,BPK_1,,
1877,BPL_1,,
1878,BPM_1,,
1879,DA_1,,
1880,BPN_1,,
1881,KD_2,,
1882,BPO_1,,
1883,BSC_1,,
1884,BPR_1,,
1885,GC_2,,
1886,GB_2,,
1887,BPU_1,,
1888,BPV_1,,
1889,BPW_1,,
1890,BPX_1,,
1891,T_3,,
1892,BPY_1,,
1893,BPZ_1,,
1894,GA_1,,
1895,BQB_1,,
1896,BQC_1,,
1897,BQD_1,,
1898,BQE_1,,
1899,BQF_1,,
1900,BQV_1,,
1901,BQH_1,,
1902,BQI_1,,
1903,BQJ_1,,
1904,BQK_1,,
1905,BQL_1,,
1906,BQM_1,,
1907,JE_2,,
1908,BQN_1,,
1909,BQO_1,,
1910,BQP_1,,
1911,BQQ_1,,
1912,BQR_1,,
1913,BQS_1,,
1914,BQT_1,,
1915,BQU_1,,
1916,CRC_1,,
1917,BQW_1,,
1918,BQX_1,,
1919,BQY_1,,
1920,BQZ_1,,
1921,BRA_1,,
1922,BRB_1,,
1923,BRC_1,,
1924,FZ_2,,
1925,BRE_1,,
1926,BRF_1,,
1927,BRG_1,,
1928,DR_1,,
1929,BRH_1,,
1930,BRI_1,,
1931,LJ_1,,
1932,BRJ_1,,
1933,BRK_1,,
1934,BRL_1,,
1935,BRM_1,,
1936,BRN_1,,
1937,BRO_1,,
1938,FY_2,,
1939,BRQ_1,,
1940,BRR_1,,
1941,BRS_1,,
1942,BRT_1,,
1943,BRU_1,,
1944,FX_2,,
1945,BRW_1,,
1946,BRX_1,,
1947,AI_4,,
1948,FW_1,,
1949,FV_1,,
1950,BSB_1,,
1951,BOZ_1,,
1952,BUM_1,,
1953,BTX_1,,
1954,QA_1,,
1955,BSD_1,,
1956,BSE_1,,
1957,LD_2,,
1958,AL_4,,
1959,BSG_1,,
1960,BSH_1,,
1961,BSI_1,,
1962,BSJ_1,,
1963,BSK_1,,
1964,BSL_1,,
1965,BSM_1,,
1966,BSN_1,,
1967,BSO_1,,
1968,BSP_1,,
1969,BTG_1,,
1970,BTH_1,,
1971,BSS_1,,
1972,BST_1,,
1973,BSU_1,,
1974,BSV_1,,
1975,BSW_1,,
1976,BSX_1,,
1977,BSY_1,,
1978,BSZ_1,,
1979,EC_1,,
1980,EN_1,,
1981,BTC_1,,
1982,BTD_1,,
1983,MH_1,,
1984,BTE_1,,
1985,BTF_1,,
1986,BSQ_1,,
1987,BNU_1,,
1988,P_1,,
1989,IZ_2,,
1990,Q_3,,
1991,BTJ_1,,
1992,BTK_1,,
1993,BTL_1,,
1994,BTM_1,,
1995,BTN_1,,
1996,BTO_1,,
1997,BB_3,,
1998,BTP_1,,
1999,BTQ_1,,
2000,DJ_2,,
2001,BTR_1,,
2002,BTS_1,,
2003,BTT_1,,
2004,BTU_1,,
2005,C_6,,
2006,BE_1,,
2007,IY_1,,
2008,BTW_1,,
2009,BUN_1,,
2010,BTY_1,,
2011,BTZ_1,,
2012,BUA_1,,
2013,BUB_1,,
2014,IX_2,,
2015,BUD_1,,
2016,BUE_1,,
2017,BUF_1,,
2018,BUG_1,,
2019,BUH_1,,
2020,BUI_1,,
2021,BUJ_1,,
2022,BUK_1,,
2023,BWI_1,,
2024,BWJ_1,,
2025,BC_2,,
2026,BUP_1,,
2027,BUQ_1,,
2028,BUR_1,,
2029,BUS_1,,
2030,BUT_1,,
2031,HY_2,,
2032,IW_1,,
2033,BUV_1,,
2034,BUW_1,,
2035,BUX_1,,
2036,IV_2,,
2037,BUZ_1,,
2038,BVA_1,,
2039,BVB_1,,
2040,BVS_1,,
2041,BVT_1,,
2042,BZ_1,,
2043,BVE_1,,
2044,IU_1,,
2045,BVG_1,,
2046,BVH_1,,
2047,BVI_1,,
2048,BVJ_1,,
2049,BVK_1,,
2050,IT_2,,
2051,BVM_1,,
2052,BVN_1,,
2053,BVO_1,,
2054,BVP_1,,
2055,BVQ_1,,
2056,BVR_1,,
2057,BVC_1,,
2058,BVD_1,,
2059,MN_2,,
2060,BVU_1,,
2061,IS_1,,
2062,BVW_1,,
2063,BVX_1,,
2064,BVY_1,,
2065,IR_2,,
2066,BWA_1,,
2067,DT_1,,
2068,GT_1,,
2069,BWB_1,,
2070,BWC_1,,
2071,BWD_1,,
2072,BWE_1,,
2073,BWF_1,,
2074,BWG_1,,
2075,BWH_1,,
2076,AY_3,,
2077,BWY_1,,
2078,BWZ_1,,
2079,Q_1,,
2080,BWK_1,,
2081,BWL_1,,
2082,BWM_1,,
2083,BWN_1,,
2084,BWO_1,,
2085,BWP_1,,
2086,BWQ_1,,
2087,BWR_1,,
2088,BWS_1,,
2089,JB_1,,
2090,BWU_1,,
2091,BWV_1,,
2092,BWW_1,,
2093,H_2,,
2094,BWX_1,,
2095,BJZ_1,,
2096,BZG_1,,
2097,BZH_1,,
2098,CO_3,,
2099,BZJ_1,,
2100,CM_2,,
2101,BXA_1,,
2102,BXB_1,,
2103,BXC_1,,
2104,BA_2,,
2105,Z_4,,
2106,BXD_1,,
2107,DG_2,,
2108,BXE_1,,
2109,BXF_1,,
2110,BXG_1,,
2111,BXH_1,,
2112,BXI_1,,
2113,BXJ_1,,
2114,BYA_1,,
2115,BXL_1,,
2116,HF_2,,
2117,BXM_1,,
2118,BXN_1,,
2119,BYE_1,,
2120,BXP_1,,
2121,BXQ_1,,
2122,BXR_1,,
2123,D_4,,
2124,BXS_1,,
2125,JV_1,,
2126,BXU_1,,
2127,BXV_1,,
2128,IO_1,,
2129,BXX_1,,
2130,GQ_1,,
2131,BXY_1,,
2132,BXZ_1,,
2133,BXK_1,,
2134,CFK_1,,
2135,CFL_1,,
2136,IN_1,,
2137,CCL_1,,
2138,BYF_1,,
2139,BYG_1,,
2140,BYH_1,,
2141,DQ_2,,
2142,BYI_1,,
2143,BYJ_1,,
2144,IM_2,,
2145,IL_1,,
2146,BYL_1,,
2147,FW_2,,
2148,BYM_1,,
2149,FX_1,,
2150,BYN_1,,
2151,IK_2,,
2152,BZF_1,,
2153,BYQ_1,,
2154,BYR_1,,
2155,DI_3,,
2156,BYS_1,,
2157,BYT_1,,
2158,BZK_1,,
2159,BYV_1,,
2160,E_5,,
2161,BYW_1,,
2162,BYX_1,,
2163,BYY_1,,
2164,BYZ_1,,
2165,BZA_1,,
2166,IJ_1,,
2167,PE_2,,
2168,BZC_1,,
2169,BZD_1,,
2170,BZE_1,,
2171,BY_2,,
2172,CBC_1,,
2173,CBT_1,,
2174,IK_1,,
2175,CBU_1,,
2176,CBV_1,,
2177,II_1,,
2178,BZL_1,,
2179,BZM_1,,
2180,BZN_1,,
2181,BZO_1,,
2182,BZP_1,,
2183,BZQ_1,,
2184,IH_1,,
2185,BZS_1,,
2186,BZT_1,,
2187,BZU_1,,
2188,BZV_1,,
2189,CAM_1,,
2190,BZX_1,,
2191,JM_1,,
2192,BZY_1,,
2193,BZZ_1,,
2194,JW_2,,
2195,CAQ_1,,
2196,CAB_1,,
2197,CAC_1,,
2198,CAD_1,,
2199,CAE_1,,
2200,CAF_1,,
2201,IP_1,,
2202,CAH_1,,
2203,CAI_1,,
2204,CAJ_1,,
2205,EV_2,,
2206,CAL_1,,
2207,BZW_1,,
2208,IA_2,,
2209,BYB_1,,
2210,BYC_1,,
2211,U_1,,
2212,DN_2,,
2213,BYD_1,,
2214,CAA_1,,
2215,CI_1,,
2216,CAR_1,,
2217,CD_1,,
2218,CAS_1,,
2219,CAT_1,,
2220,CAU_1,,
2221,CAV_1,,
2222,EU_1,,
2223,ED_2,,
2224,CAX_1,,
2225,CAY_1,,
2226,CAZ_1,,
2227,CBA_1,,
2228,CBB_1,,
2229,CBS_1,,
2230,CBD_1,,
2231,CBE_1,,
2232,CBF_1,,
2233,CBW_1,,
2234,EE_2,,
2235,CBH_1,,
2236,CBI_1,,
2237,CBJ_1,,
2238,CBK_1,,
2239,CBL_1,,
2240,ET_1,,
2241,CBN_1,,
2242,CBO_1,,
2243,JJ_1,,
2244,CBP_1,,
2245,CBQ_1,,
2246,CBR_1,,
2247,BYP_1,,
2248,CED_1,,
2249,CEE_1,,
2250,CEF_1,,
2251,CEG_1,,
2252,CDR_1,,
2253,CBX_1,,
2254,CBY_1,,
2255,CS_1,,
2256,PA_1,,
2257,CCB_1,,
2258,CCC_1,,
2259,CCD_1,,
2260,ES_1,,
2261,CCF_1,,
2262,CCG_1,,
2263,AR_2,,
2264,CCX_1,,
2265,ER_2,,
2266,CCJ_1,,
2267,CCK_1,,
2268,CDB_1,,
2269,CCM_1,,
2270,CCN_1,,
2271,CCO_1,,
2272,CCP_1,,
2273,CCQ_1,,
2274,CCR_1,,
2275,CCS_1,,
2276,CCT_1,,
2277,CCU_1,,
2278,CCV_1,,
2279,HT_2,,
2280,S_4,,
2281,EQ_2,,
2282,IV_1,,
2283,CCH_1,,
2284,ADS_1,,
2285,ADT_1,,
2286,AKN_1,,
2287,ADU_1,,
2288,CDC_1,,
2289,CDD_1,,
2290,CDE_1,,
2291,CDF_1,,
2292,CDG_1,,
2293,CDH_1,,
2294,CDI_1,,
2295,CDJ_1,,
2296,CDK_1,,
2297,CL_2,,
2298,CDL_1,,
2299,CEC_1,,
2300,CDN_1,,
2301,CDO_1,,
2302,CDP_1,,
2303,CDQ_1,,
2304,CEH_1,,
2305,CDS_1,,
2306,CDT_1,,
2307,CDU_1,,
2308,CDV_1,,
2309,EP_1,,
2310,CDX_1,,
2311,CDY_1,,
2312,ME_2,,
2313,CDZ_1,,
2314,CEA_1,,
2315,CEB_1,,
2316,CFZ_1,,
2317,CGQ_1,,
2318,CGR_1,,
2319,PM_2,,
2320,CGS_1,,
2321,CGD_1,,
2322,CEI_1,,
2323,CEJ_1,,
2324,CEK_1,,
2325,CEL_1,,
2326,AV_2,,
2327,CEM_1,,
2328,CEN_1,,
2329,CEO_1,,
2330,G_5,,
2331,R_2,,
2332,EZ_1,,
2333,CEQ_1,,
2334,CER_1,,
2335,CES_1,,
2336,CFJ_1,,
2337,CEU_1,,
2338,CEV_1,,
2339,CEW_1,,
2340,CFN_1,,
2341,CEY_1,,
2342,CEZ_1,,
2343,CFA_1,,
2344,CFB_1,,
2345,CFC_1,,
2346,CFD_1,,
2347,CM_3,,
2348,CFE_1,,
2349,CFF_1,,
2350,CFG_1,,
2351,CFH_1,,
2352,CFI_1,,
2353,CET_1,,
2354,CCY_1,,
2355,CCZ_1,,
2356,CDA_1,,
2357,B_7,,
2358,CEX_1,,
2359,CFO_1,,
2360,CFP_1,,
2361,CFQ_1,,
2362,CFR_1,,
2363,CFS_1,,
2364,CFT_1,,
2365,AE_1,,
2366,CFU_1,,
2367,CFV_1,,
2368,CFW_1,,
2369,CFX_1,,
2370,BG_1,,
2371,CFY_1,,
2372,CGP_1,,
2373,CGA_1,,
2374,CGB_1,,
2375,CGC_1,,
2376,CGT_1,,
2377,CGE_1,,
2378,CGF_1,,
2379,CGG_1,,
2380,ID_1,,
2381,CGH_1,,
2382,CGI_1,,
2383,CR_1,,
2384,CGJ_1,,
2385,CGK_1,,
2386,CGL_1,,
2387,CGM_1,,
2388,CGN_1,,
2389,CGO_1,,
2390,CNG_1,,
2391,CJB_1,,
2392,CJC_1,,
2393,CJD_1,,
2394,CIO_1,,
2395,HD_2,,
2396,CGU_1,,
2397,CGV_1,,
2398,CGW_1,,
2399,IO_2,,
2400,CGX_1,,
2401,CGY_1,,
2402,BL_2,,
2403,CHA_1,,
2404,CHB_1,,
2405,CHC_1,,
2406,JA_2,,
2407,AJ_4,,
2408,AJ_3,,
2409,EM_1,,
2410,CHE_1,,
2411,BV_1,,
2412,CHV_1,,
2413,CHG_1,,
2414,CHH_1,,
2415,CHY_1,,
2416,CHJ_1,,
2417,CHK_1,,
2418,CHL_1,,
2419,CHM_1,,
2420,CHN_1,,
2421,CHO_1,,
2422,EL_2,,
2423,CHQ_1,,
2424,IJ_2,,
2425,CHR_1,,
2426,CHS_1,,
2427,CHT_1,,
2428,CHU_1,,
2429,CHF_1,,
2430,CPE_1,,
2431,CPF_1,,
2432,CPG_1,,
2433,CMF_1,,
2434,CHZ_1,,
2435,CIA_1,,
2436,CIB_1,,
2437,CIC_1,,
2438,EK_1,,
2439,CID_1,,
2440,CF_1,,
2441,CIF_1,,
2442,CIG_1,,
2443,CIH_1,,
2444,CII_1,,
2445,AD_2,,
2446,CJA_1,,
2447,EJ_1,,
2448,CIM_1,,
2449,EI_1,,
2450,EH_2,,
2451,CIP_1,,
2452,CIQ_1,,
2453,CIR_1,,
2454,B_2,,
2455,CIS_1,,
2456,MV_2,,
2457,CIT_1,,
2458,CIU_1,,
2459,CIV_1,,
2460,JU_2,,
2461,EG_1,,
2462,CIX_1,,
2463,CIY_1,,
2464,CN_1,,
2465,CIZ_1,,
2466,CKX_1,,
2467,CLO_1,,
2468,CLP_1,,
2469,CLA_1,,
2470,CJF_1,,
2471,GG_2,,
2472,MF_2,,
2473,CJG_1,,
2474,CJH_1,,
2475,CJI_1,,
2476,CJJ_1,,
2477,EF_2,,
2478,CV_2,,
2479,CJK_1,,
2480,CJL_1,,
2481,LE_1,,
2482,CJM_1,,
2483,CJN_1,,
2484,HS_2,,
2485,CJO_1,,
2486,CJP_1,,
2487,D_3,,
2488,CJQ_1,,
2489,CKH_1,,
2490,CJS_1,,
2491,CJT_1,,
2492,CKK_1,,
2493,LX_1,,
2494,CJV_1,,
2495,CJW_1,,
2496,FJ_1,,
2497,JI_1,,
2498,CJY_1,,
2499,CJZ_1,,
2500,CJ_1,,
2501,CKB_1,,
2502,CKC_1,,
2503,CKD_1,,
2504,MG_2,,
2505,CKE_1,,
2506,CKF_1,,
2507,CKG_1,,
2508,FT_1,,
2509,CHW_1,,
2510,CHX_1,,
2511,CJU_1,,
2512,CKL_1,,
2513,CKM_1,,
2514,CKN_1,,
2515,CKO_1,,
2516,W_2,,
2517,ET_2,,
2518,CKP_1,,
2519,EL_1,,
2520,CKQ_1,,
2521,CKR_1,,
2522,EV_1,,
2523,CKS_1,,
2524,CKT_1,,
2525,CKU_1,,
2526,GE_1,,
2527,CKW_1,,
2528,CLN_1,,
2529,CKY_1,,
2530,CZ_2,,
2531,A_1,,
2532,CKZ_1,,
2533,CLQ_1,,
2534,CLB_1,,
2535,BN_3,,
2536,CLC_1,,
2537,CLD_1,,
2538,NX_2,,
2539,CLF_1,,
2540,CLG_1,,
2541,NW_1,,
2542,CLH_1,,
2543,CLI_1,,
2544,CLJ_1,,
2545,CLK_1,,
2546,CLL_1,,
2547,CLM_1,,
2548,CIK_1,,
2549,CNX_1,,
2550,CNY_1,,
2551,CNZ_1,,
2552,F_5,,
2553,KL_2,,
2554,BK_3,,
2555,COA_1,,
2556,PK_1,,
2557,CNL_1,,
2558,CLR_1,,
2559,CLS_1,,
2560,NV_1,,
2561,R_3,,
2562,O_1,,
2563,CLU_1,,
2564,CLV_1,,
2565,CLW_1,,
2566,NU_1,,
2567,CLX_1,,
2568,CLY_1,,
2569,CLZ_1,,
2570,CMA_1,,
2571,CMR_1,,
2572,CMC_1,,
2573,CMD_1,,
2574,KA_2,,
2575,CME_1,,
2576,CMV_1,,
2577,CMG_1,,
2578,CMH_1,,
2579,CMI_1,,
2580,CMJ_1,,
2581,CMK_1,,
2582,CML_1,,
2583,CMM_1,,
2584,CMN_1,,
2585,CMO_1,,
2586,CMP_1,,
2587,MO_2,,
2588,NT_1,,
2589,CMB_1,,
2590,CAN_1,,
2591,AB_2,,
2592,CAO_1,,
2593,CAP_1,,
2594,AI_1,,
2595,JZ_2,,
2596,CHI_1,,
2597,CMW_1,,
2598,CMX_1,,
2599,NS_1,,
2600,CMZ_1,,
2601,EN_2,,
2602,CNA_1,,
2603,CNB_1,,
2604,CNC_1,,
2605,CND_1,,
2606,CNE_1,,
2607,CNF_1,,
2608,CNW_1,,
2609,CNH_1,,
2610,CNI_1,,
2611,CNJ_1,,
2612,CNK_1,,
2613,COB_1,,
2614,CNM_1,,
2615,CNN_1,,
2616,CNO_1,,
2617,CNP_1,,
2618,CNQ_1,,
2619,MR_1,,
2620,NR_1,,
2621,AD_3,,
2622,HH_2,,
2623,CNR_1,,
2624,CNS_1,,
2625,CT_3,,
2626,CNT_1,,
2627,CNU_1,,
2628,CNV_1,,
2629,CPT_1,,
2630,CQK_1,,
2631,CQL_1,,
2632,CQM_1,,
2633,CPX_1,,
2634,COC_1,,
2635,COD_1,,
2636,KW_2,,
2637,COE_1,,
2638,NQ_2,,
2639,COG_1,,
2640,COH_1,,
2641,COI_1,,
2642,COJ_1,,
2643,COK_1,,
2644,AC_1,,
2645,COL_1,,
2646,COM_1,,
2647,CPD_1,,
2648,NP_2,,
2649,COP_1,,
2650,COQ_1,,
2651,CPH_1,,
2652,COS_1,,
2653,OU_1,,
2654,COU_1,,
2655,COV_1,,
2656,COW_1,,
2657,COX_1,,
2658,COY_1,,
2659,COZ_1,,
2660,CPA_1,,
2661,CPB_1,,
2662,CPC_1,,
2663,CON_1,,
2664,CMS_1,,
2665,CMT_1,,
2666,CMU_1,,
2667,M_4,,
2668,COR_1,,
2669,CPI_1,,
2670,CPJ_1,,
2671,CPK_1,,
2672,CPL_1,,
2673,AQI_1,,
2674,CPM_1,,
2675,CPN_1,,
2676,CPO_1,,
2677,X_4,,
2678,J_1,,
2679,CPP_1,,
2680,CPQ_1,,
2681,CPR_1,,
2682,CPS_1,,
2683,CQJ_1,,
2684,MT_1,,
2685,CPU_1,,
2686,CPV_1,,
2687,CPW_1,,
2688,NN_2,,
2689,CPY_1,,
2690,CPZ_1,,
2691,AP_3,,
2692,CQA_1,,
2693,CQB_1,,
2694,NM_2,,
2695,CQD_1,,
2696,CQE_1,,
2697,CQF_1,,
2698,BL_1,,
2699,OY_1,,
2700,CQG_1,,
2701,CQH_1,,
2702,CQI_1,,
2703,NL_1,,
2704,CSC_1,,
2705,CSD_1,,
2706,CSE_1,,
2707,NP_1,,
2708,BP_1,,
2709,CSF_1,,
2710,KR_1,,
2711,CSG_1,,
2712,CSH_1,,
2713,AW_2,,
2714,CSY_1,,
2715,CSJ_1,,
2716,CSK_1,,
2717,CSL_1,,
2718,CSM_1,,
2719,CSN_1,,
2720,CSO_1,,
2721,CSP_1,,
2722,CSQ_1,,
2723,CQW_1,,
2724,CSS_1,,
2725,AL_3,,
2726,LQ_1,,
2727,CST_1,,
2728,J_4,,
2729,CSU_1,,
2730,CSV_1,,
2731,CSW_1,,
2732,CSX_1,,
2733,CSI_1,,
2734,CQO_1,,
2735,II_2,,
2736,CQP_1,,
2737,CQQ_1,,
2738,CQR_1,,
2739,CQS_1,,
2740,CQT_1,,
2741,NK_2,,
2742,NJ_1,,
2743,CSR_1,,
2744,IU_2,,
2745,CYE_1,,
2746,CYF_1,,
2747,CYG_1,,
2748,CYH_1,,
2749,CYI_1,,
2750,CYJ_1,,
2751,IF_2,,
2752,AM_4,,
2753,CZA_1,,
2754,CYL_1,,
2755,CYM_1,,
2756,CYN_1,,
2757,CYO_1,,
2758,CYP_1,,
2759,CYQ_1,,
2760,CYR_1,,
2761,CYS_1,,
2762,CSB_1,,
2763,CYU_1,,
2764,CYV_1,,
2765,EA_2,,
2766,CYW_1,,
2767,CYX_1,,
2768,B_3,,
2769,CYY_1,,
2770,NT_2,,
2771,CYZ_1,,
2772,CVY_1,,
2773,GW_1,,
2774,CRT_1,,
2775,CRU_1,,
2776,CRV_1,,
2777,CRW_1,,
2778,CRX_1,,
2779,CRY_1,,
2780,CRZ_1,,
2781,CSA_1,,
2782,CRM_1,,
2783,CUO_1,,
2784,CUP_1,,
2785,CUQ_1,,
2786,CUR_1,,
2787,CUS_1,,
2788,CVJ_1,,
2789,CUU_1,,
2790,CUV_1,,
2791,CUW_1,,
2792,CUX_1,,
2793,CUY_1,,
2794,CUZ_1,,
2795,CVA_1,,
2796,CVB_1,,
2797,CVC_1,,
2798,CTA_1,,
2799,CTI_1,,
2800,CTH_1,,
2801,D_2,,
2802,CTG_1,,
2803,CTF_1,,
2804,CTE_1,,
2805,CTD_1,,
2806,CTC_1,,
2807,CTB_1,,
2808,CTJ_1,,
2809,CSZ_1,,
2810,CUT_1,,
2811,CZ_1,,
2812,CVI_1,,
2813,CVH_1,,
2814,DB_3,,
2815,CVG_1,,
2816,CVF_1,,
2817,C_5,,
2818,CVE_1,,
2819,CVD_1,,
2820,CQX_1,,
2821,CQY_1,,
2822,CQZ_1,,
2823,CRA_1,,
2824,JK_1,,
2825,B_4,,
2826,CRB_1,,
2827,CRS_1,,
2828,CRD_1,,
2829,CRE_1,,
2830,CRF_1,,
2831,BS_2,,
2832,CRG_1,,
2833,CRH_1,,
2834,CRI_1,,
2835,BO_3,,
2836,CRK_1,,
2837,CRL_1,,
2838,NI_2,,
2839,CRN_1,,
2840,CRO_1,,
2841,CRP_1,,
2842,CRQ_1,,
2843,F_1,,
2844,EF_1,,
2845,NH_2,,
2846,CF_2,,
2847,CTN_1,,
2848,CUE_1,,
2849,CUF_1,,
2850,N_4,,
2851,CUG_1,,
2852,CUH_1,,
2853,CUI_1,,
2854,CUJ_1,,
2855,NG_2,,
2856,CUL_1,,
2857,CUM_1,,
2858,CYT_1,,
2859,CWX_1,,
2860,CWY_1,,
2861,CH_3,,
2862,CWZ_1,,
2863,NM_1,,
2864,IN_2,,
2865,CXA_1,,
2866,CXB_1,,
2867,CXC_1,,
2868,CXD_1,,
2869,NB_1,,
2870,CXU_1,,
2871,CXF_1,,
2872,CXG_1,,
2873,CXH_1,,
2874,CE_2,,
2875,CXI_1,,
2876,CXJ_1,,
2877,CXK_1,,
2878,CXL_1,,
2879,CVR_1,,
2880,CXN_1,,
2881,NF_1,,
2882,N_2,,
2883,CXP_1,,
2884,CXQ_1,,
2885,AH_1,,
2886,CXR_1,,
2887,CXS_1,,
2888,CXT_1,,
2889,CXE_1,,
2890,CVK_1,,
2891,OK_2,,
2892,CQ_2,,
2893,CVM_1,,
2894,CVN_1,,
2895,AD_4,,
2896,BE_3,,
2897,CVO_1,,
2898,CVP_1,,
2899,CVQ_1,,
2900,CXM_1,,
2901,DWO_1,,
2902,DWP_1,,
2903,DWQ_1,,
2904,DWR_1,,
2905,DWS_1,,
2906,DWT_1,,
2907,DWU_1,,
2908,DXL_1,,
2909,DWW_1,,
2910,DWX_1,,
2911,NG_1,,
2912,DWY_1,,
2913,DWZ_1,,
2914,DXA_1,,
2915,X_3,,
2916,DXB_1,,
2917,DXC_1,,
2918,CWW_1,,
2919,DXE_1,,
2920,DXF_1,,
2921,AI_3,,
2922,EP_2,,
2923,DXG_1,,
2924,DXH_1,,
2925,DXI_1,,
2926,DXJ_1,,
2927,DXK_1,,
2928,NZ_1,,
2929,CWP_1,,
2930,AB_1,,
2931,CWQ_1,,
2932,QJ_1,,
2933,CWS_1,,
2934,QI_1,,
2935,CWU_1,,
2936,CWV_1,,
2937,CWH_1,,
2938,CZK_1,,
2939,CZL_1,,
2940,CZM_1,,
2941,QH_2,,
2942,CZO_1,,
2943,CZP_1,,
2944,DAG_1,,
2945,CZR_1,,
2946,CZS_1,,
2947,HU_1,,
2948,CZT_1,,
2949,CZU_1,,
2950,CZV_1,,
2951,CZW_1,,
2952,CZX_1,,
2953,CZY_1,,
2954,CYD_1,,
2955,QG_2,,
2956,QF_2,,
2957,DAC_1,,
2958,DAD_1,,
2959,DAE_1,,
2960,DAF_1,,
2961,K_5,,
2962,CZQ_1,,
2963,EB_2,,
2964,CXV_1,,
2965,QE_1,,
2966,IC_2,,
2967,IW_2,,
2968,CXX_1,,
2969,CXY_1,,
2970,CXZ_1,,
2971,CYA_1,,
2972,CYB_1,,
2973,CYC_1,,
2974,CC_2,,
2975,CVS_1,,
2976,CVT_1,,
2977,CVU_1,,
2978,CVV_1,,
2979,CVW_1,,
2980,QD_1,,
2981,CVX_1,,
2982,QK_1,,
2983,DL_1,,
2984,LN_2,,
2985,CWO_1,,
2986,CVZ_1,,
2987,CWA_1,,
2988,J_5,,
2989,CK_2,,
2990,CF_3,,
2991,CWB_1,,
2992,CWC_1,,
2993,CWD_1,,
2994,CWE_1,,
2995,CWF_1,,
2996,CWG_1,,
2997,CZJ_1,,
2998,CWI_1,,
2999,CWJ_1,,
3000,CWK_1,,
3001,CWL_1,,
3002,CWM_1,,
3003,CWN_1,,
3004,CYK_1,,
3005,QC_2,,
3006,CZC_1,,
3007,CZD_1,,
3008,CZE_1,,
3009,CZF_1,,
3010,BD_1,,
3011,QB_1,,
3012,CZH_1,,
3013,CZI_1,,
3014,EO_2,,
3015,CTZ_1,,
3016,DBZ_1,,
3017,JY_1,,
3018,DCA_1,,
3019,DCR_1,,
3020,DCC_1,,
3021,DCD_1,,
3022,DCE_1,,
3023,GD_1,,
3024,DCF_1,,
3025,CW_3,,
3026,DCG_1,,
3027,DW_1,,
3028,DCH_1,,
3029,DCI_1,,
3030,DCJ_1,,
3031,BX_2,,
3032,DCK_1,,
3033,DCL_1,,
3034,DCM_1,,
3035,DCN_1,,
3036,DAT_1,,
3037,DCP_1,,
3038,DCQ_1,,
3039,DCB_1,,
3040,DAH_1,,
3041,DAI_1,,
3042,DAJ_1,,
3043,DAK_1,,
3044,DAL_1,,
3045,DAM_1,,
3046,A_4,,
3047,DAN_1,,
3048,DAO_1,,
3049,DAP_1,,
3050,NY_2,,
3051,DAR_1,,
3052,DAS_1,,
3053,DCO_1,,
3054,DIC_1,,
3055,DID_1,,
3056,BL_3,,
3057,DIU_1,,
3058,DIF_1,,
3059,DIG_1,,
3060,DIH_1,,
3061,DII_1,,
3062,DIJ_1,,
3063,DIK_1,,
3064,DIL_1,,
3065,DIM_1,,
3066,DIN_1,,
3067,PQ_1,,
3068,DIO_1,,
3069,DIP_1,,
3070,DIQ_1,,
3071,DBY_1,,
3072,DIS_1,,
3073,DIT_1,,
3074,DFS_1,,
3075,DBM_1,,
3076,KX_1,,
3077,DBN_1,,
3078,DBO_1,,
3079,DBP_1,,
3080,DBQ_1,,
3081,AG_3,,
3082,DBR_1,,
3083,DBS_1,,
3084,DBT_1,,
3085,DBU_1,,
3086,DBV_1,,
3087,DBW_1,,
3088,DBX_1,,
3089,QI_2,,
3090,DBJ_1,,
3091,DEM_1,,
3092,DFD_1,,
3093,DEO_1,,
3094,DEP_1,,
3095,DEQ_1,,
3096,PJ_1,,
3097,G_3,,
3098,DER_1,,
3099,DES_1,,
3100,DET_1,,
3101,DEU_1,,
3102,DEV_1,,
3103,DEW_1,,
3104,DEX_1,,
3105,DEY_1,,
3106,DEZ_1,,
3107,DFA_1,,
3108,DCX_1,,
3109,DDF_1,,
3110,DDE_1,,
3111,AN_4,,
3112,DDD_1,,
3113,PZ_1,,
3114,DDB_1,,
3115,DDA_1,,
3116,DCZ_1,,
3117,DCY_1,,
3118,DDG_1,,
3119,DCW_1,,
3120,DCV_1,,
3121,DCU_1,,
3122,DCT_1,,
3123,DCS_1,,
3124,DEN_1,,
3125,DFC_1,,
3126,DFB_1,,
3127,CW_1,,
3128,PY_1,,
3129,DBL_1,,
3130,DAW_1,,
3131,DAX_1,,
3132,DAY_1,,
3133,DAZ_1,,
3134,DBA_1,,
3135,DBB_1,,
3136,DBC_1,,
3137,GL_1,,
3138,DBD_1,,
3139,DBE_1,,
3140,HM_1,,
3141,DBF_1,,
3142,DBG_1,,
3143,DBH_1,,
3144,DBI_1,,
3145,DEL_1,,
3146,DBK_1,,
3147,DDH_1,,
3148,AY_1,,
3149,DDY_1,,
3150,DDZ_1,,
3151,DEA_1,,
3152,DEB_1,,
3153,DEC_1,,
3154,PX_2,,
3155,DEE_1,,
3156,DEF_1,,
3157,DEG_1,,
3158,DEH_1,,
3159,DEI_1,,
3160,BR_2,,
3161,DEJ_1,,
3162,DEK_1,,
3163,DIR_1,,
3164,DGV_1,,
3165,DGW_1,,
3166,DGX_1,,
3167,DHO_1,,
3168,DGZ_1,,
3169,DHA_1,,
3170,DHB_1,,
3171,DHC_1,,
3172,DHD_1,,
3173,DHE_1,,
3174,DHF_1,,
3175,DHG_1,,
3176,DHH_1,,
3177,DHI_1,,
3178,DHJ_1,,
3179,GC_1,,
3180,AS_2,,
3181,GK_2,,
3182,DFP_1,,
3183,DHL_1,,
3184,DHM_1,,
3185,DHN_1,,
3186,DGY_1,,
3187,PW_1,,
3188,JG_1,,
3189,DFF_1,,
3190,DFG_1,,
3191,DFH_1,,
3192,DFI_1,,
3193,DFJ_1,,
3194,DFK_1,,
3195,DFL_1,,
3196,DFM_1,,
3197,DFN_1,,
3198,DFO_1,,
3199,DHK_1,,
3200,CTK_1,,
3201,CTL_1,,
3202,CTM_1,,
3203,CUD_1,,
3204,KT_1,,
3205,CTO_1,,
3206,CTP_1,,
3207,HG_1,,
3208,CTQ_1,,
3209,CTR_1,,
3210,CTS_1,,
3211,PW_2,,
3212,CTT_1,,
3213,PV_2,,
3214,CTV_1,,
3215,CTW_1,,
3216,CTX_1,,
3217,CTY_1,,
3218,DGU_1,,
3219,JV_2,,
3220,CUA_1,,
3221,CUB_1,,
3222,PU_1,,
3223,CUC_1,,
3224,DAV_1,,
3225,DGJ_1,,
3226,CY_1,,
3227,MY_1,,
3228,DGK_1,,
3229,EZ_2,,
3230,DGL_1,,
3231,PT_1,,
3232,PP_1,,
3233,QF_1,,
3234,AF_1,,
3235,DGN_1,,
3236,DGO_1,,
3237,ER_1,,
3238,DGP_1,,
3239,DGQ_1,,
3240,D_6,,
3241,DGR_1,,
3242,AF_4,,
3243,PX_1,,
3244,DGS_1,,
3245,DGT_1,,
3246,DGF_1,,
3247,DJI_1,,
3248,DJJ_1,,
3249,DKA_1,,
3250,DJL_1,,
3251,BZ_3,,
3252,PS_1,,
3253,DJN_1,,
3254,DJO_1,,
3255,DJP_1,,
3256,BA_1,,
3257,DJQ_1,,
3258,DJR_1,,
3259,DJS_1,,
3260,PR_2,,
3261,DJU_1,,
3262,DJV_1,,
3263,DJW_1,,
3264,IZ_1,,
3265,DIB_1,,
3266,DJY_1,,
3267,DJZ_1,,
3268,DJK_1,,
3269,DHP_1,,
3270,DHQ_1,,
3271,DHR_1,,
3272,PL_1,,
3273,KC_2,,
3274,NO_1,,
3275,DHT_1,,
3276,DHU_1,,
3277,DHV_1,,
3278,DHW_1,,
3279,DHX_1,,
3280,DHY_1,,
3281,DHZ_1,,
3282,DIA_1,,
3283,DJX_1,,
3284,DFQ_1,,
3285,DFR_1,,
3286,DGI_1,,
3287,DFT_1,,
3288,DFU_1,,
3289,DFV_1,,
3290,DFW_1,,
3291,DFX_1,,
3292,DFY_1,,
3293,EW_1,,
3294,DFZ_1,,
3295,OV_1,,
3296,DGB_1,,
3297,DGC_1,,
3298,DGD_1,,
3299,BC_3,,
3300,DGE_1,,
3301,DXD_1,,
3302,DGG_1,,
3303,DGH_1,,
3304,DIE_1,,
3305,DIV_1,,
3306,PA_2,,
3307,HA_2,,
3308,DIX_1,,
3309,DIY_1,,
3310,BC_1,,
3311,DIZ_1,,
3312,DJA_1,,
3313,DJB_1,,
3314,DJC_1,,
3315,DJD_1,,
3316,DJE_1,,
3317,OK_1,,
3318,DJF_1,,
3319,DJG_1,,
3320,DTC_1,,
3321,DNG_1,,
3322,DTA_1,,
3323,DSQ_1,,
3324,DRQ_1,,
3325,DRM_1,,
3326,DTT_1,,
3327,DTQ_1,,
3328,DQZ_1,,
3329,KU_1,,
3330,DQN_1,,
3331,DQI_1,,
3332,DPJ_1,,
3333,DPF_1,,
3334,DNW_1,,
3335,DKX_1,,
3336,DKM_1,,
3337,DKL_1,,
3338,DON_1,,
3339,DMN_1,,
3340,FR_2,,
3341,DOV_1,,
3342,DOO_1,,
3343,DOL_1,,
3344,EC_2,,
3345,DOJ_1,,
3346,DOX_1,,
3347,DOC_1,,
3348,DKY_1,,
3349,FQ_2,,
3350,DLP_1,,
3351,KQ_1,,
3352,DLM_1,,
3353,DLH_1,,
3354,DSM_1,,
3355,DSJ_1,,
3356,DSH_1,,
3357,DSF_1,,
3358,DSE_1,,
3359,A_3,,
3360,KI_2,,
3361,DSD_1,,
3362,FZ_1,,
3363,IL_2,,
3364,DKJ_1,,
3365,DKI_1,,
3366,DKF_1,,
3367,DKC_1,,
3368,DKB_1,,
3369,DMJ_1,,
3370,DLT_1,,
3371,DLU_1,,
3372,OV_2,,
3373,CX_2,,
3374,DML_1,,
3375,DLW_1,,
3376,DLX_1,,
3377,DLY_1,,
3378,F_4,,
3379,DLZ_1,,
3380,DMA_1,,
3381,IP_2,,
3382,DMB_1,,
3383,DMC_1,,
3384,DMD_1,,
3385,DME_1,,
3386,DMF_1,,
3387,DKK_1,,
3388,DMH_1,,
3389,PY_2,,
3390,DMI_1,,
3391,FP_2,,
3392,BM_1,,
3393,DLV_1,,
3394,DKD_1,,
3395,DKE_1,,
3396,DKG_1,,
3397,DKH_1,,
3398,FO_1,,
3399,AZ_2,,
3400,DMG_1,,
3401,DSA_1,,
3402,JM_2,,
3403,DSB_1,,
3404,DSC_1,,
3405,DSG_1,,
3406,DSI_1,,
3407,DSK_1,,
3408,DSL_1,,
3409,DLS_1,,
3410,DPM_1,,
3411,DLG_1,,
3412,DLI_1,,
3413,DLJ_1,,
3414,DLK_1,,
3415,DLL_1,,
3416,DLN_1,,
3417,DLO_1,,
3418,DLQ_1,,
3419,DLR_1,,
3420,DOA_1,,
3421,DOB_1,,
3422,LT_2,,
3423,DOD_1,,
3424,DOE_1,,
3425,DOF_1,,
3426,DOG_1,,
3427,DOI_1,,
3428,DOK_1,,
3429,DOM_1,,
3430,DMQ_1,,
3431,FN_2,,
3432,DOP_1,,
3433,KG_1,,
3434,AS_1,,
3435,DOQ_1,,
3436,DOR_1,,
3437,DOS_1,,
3438,NX_1,,
3439,DOT_1,,
3440,DOU_1,,
3441,DOH_1,,
3442,DMM_1,,
3443,DMO_1,,
3444,DMP_1,,
3445,DKN_1,,
3446,FM_1,,
3447,HC_1,,
3448,DLF_1,,
3449,DKQ_1,,
3450,DKR_1,,
3451,DKS_1,,
3452,DKT_1,,
3453,DKU_1,,
3454,KE_2,,
3455,DKV_1,,
3456,DKW_1,,
3457,DNZ_1,,
3458,DKZ_1,,
3459,DLA_1,,
3460,DLB_1,,
3461,DLC_1,,
3462,DLD_1,,
3463,DLE_1,,
3464,DNB_1,,
3465,DNS_1,,
3466,DNT_1,,
3467,DNU_1,,
3468,NV_2,,
3469,DNV_1,,
3470,DNX_1,,
3471,DSN_1,,
3472,DNY_1,,
3473,DTJ_1,,
3474,DRB_1,,
3475,DRC_1,,
3476,DRD_1,,
3477,PR_1,,
3478,DRE_1,,
3479,DRF_1,,
3480,DRG_1,,
3481,DRH_1,,
3482,DQS_1,,
3483,DOY_1,,
3484,DOZ_1,,
3485,IH_2,,
3486,DPA_1,,
3487,DPB_1,,
3488,DPC_1,,
3489,DPS_1,,
3490,DPE_1,,
3491,DPG_1,,
3492,DPH_1,,
3493,DPI_1,,
3494,DPK_1,,
3495,DPL_1,,
3496,DQC_1,,
3497,DPN_1,,
3498,DPO_1,,
3499,JP_2,,
3500,DPP_1,,
3501,GZ_2,,
3502,DPD_1,,
3503,DPR_1,,
3504,DQO_1,,
3505,DQK_1,,
3506,DQJ_1,,
3507,DQH_1,,
3508,DQG_1,,
3509,DQF_1,,
3510,JO_2,,
3511,FL_1,,
3512,DQL_1,,
3513,DQD_1,,
3514,DQM_1,,
3515,FK_1,,
3516,MW_2,,
3517,GR_1,,
3518,DQP_1,,
3519,DQQ_1,,
3520,DQR_1,,
3521,BK_2,,
3522,DRI_1,,
3523,FU_2,,
3524,DQU_1,,
3525,PT_2,,
3526,GO_1,,
3527,CU_1,,
3528,DQW_1,,
3529,DQX_1,,
3530,DQY_1,,
3531,DPQ_1,,
3532,DTI_1,,
3533,DSS_1,,
3534,DTK_1,,
3535,DTL_1,,
3536,DTM_1,,
3537,DTN_1,,
3538,DTO_1,,
3539,FH_2,,
3540,DTR_1,,
3541,DTS_1,,
3542,DTE_1,,
3543,DRJ_1,,
3544,DRZ_1,,
3545,DRL_1,,
3546,LR_2,,
3547,DRN_1,,
3548,HP_1,,
3549,DRO_1,,
3550,DRP_1,,
3551,FG_1,,
3552,DRR_1,,
3553,DRS_1,,
3554,DRT_1,,
3555,E_3,,
3556,D_1,,
3557,DRU_1,,
3558,AN_2,,
3559,DRV_1,,
3560,DRW_1,,
3561,DRX_1,,
3562,DSO_1,,
3563,FU_1,,
3564,DRK_1,,
3565,DPT_1,,
3566,DPU_1,,
3567,DPV_1,,
3568,DPW_1,,
3569,DPX_1,,
3570,DPY_1,,
3571,NU_2,,
3572,DPZ_1,,
3573,DQA_1,,
3574,DQB_1,,
3575,DRY_1,,
3576,AP_2,,
3577,DSP_1,,
3578,BP_3,,
3579,DSR_1,,
3580,DTH_1,,
3581,DST_1,,
3582,DSU_1,,
3583,DSV_1,,
3584,NW_2,,
3585,HI_2,,
3586,DSW_1,,
3587,EJ_2,,
3588,DSX_1,,
3589,DSY_1,,
3590,DSZ_1,,
3591,DTB_1,,
3592,DTD_1,,
3593,DTU_1,,
3594,DTG_1,,
3595,DTF_1,,
3596,DVG_1,,
3597,DVH_1,,
3598,DVI_1,,
3599,DVJ_1,,
3600,DVK_1,,
3601,DVL_1,,
3602,DVM_1,,
3603,CO_2,,
3604,DVN_1,,
3605,DVO_1,,
3606,DE_1,,
3607,DWF_1,,
3608,DVQ_1,,
3609,DVR_1,,
3610,DVS_1,,
3611,R_4,,
3612,AG_2,,
3613,DVT_1,,
3614,DVU_1,,
3615,MS_1,,
3616,DUA_1,,
3617,DVW_1,,
3618,CG_3,,
3619,DVX_1,,
3620,DVY_1,,
3621,GB_1,,
3622,DVZ_1,,
3623,DWA_1,,
3624,DWB_1,,
3625,DWC_1,,
3626,DWD_1,,
3627,DWE_1,,
3628,DVP_1,,
3629,DTV_1,,
3630,DTW_1,,
3631,FF_2,,
3632,DTY_1,,
3633,DTZ_1,,
3634,EX_1,,
3635,DVV_1,,
3636,EBJ_1,,
3637,EBK_1,,
3638,FR_1,,
3639,DD_3,,
3640,EBL_1,,
3641,JL_2,,
3642,EBM_1,,
3643,EBN_1,,
3644,FQ_1,,
3645,EBO_1,,
3646,EBP_1,,
3647,EBQ_1,,
3648,EBR_1,,
3649,FE_2,,
3650,EBT_1,,
3651,EBU_1,,
3652,EBV_1,,
3653,EBW_1,,
3654,QG_1,,
3655,AX_1,,
3656,EBX_1,,
3657,DVF_1,,
3658,EBZ_1,,
3659,JX_1,,
3660,ECA_1,,
3661,ECB_1,,
3662,ECC_1,,
3663,GM_1,,
3664,ECD_1,,
3665,ECE_1,,
3666,ECF_1,,
3667,ECG_1,,
3668,DO_1,,
3669,FD_2,,
3670,JS_1,,
3671,DC_2,,
3672,DZG_1,,
3673,DVA_1,,
3674,FM_2,,
3675,DVB_1,,
3676,DVC_1,,
3677,DVD_1,,
3678,DVE_1,,
3679,DUQ_1,,
3680,QL_1,,
3681,DXT_1,,
3682,DXU_1,,
3683,DXV_1,,
3684,DXW_1,,
3685,P_3,,
3686,AD_1,,
3687,DXX_1,,
3688,S_1,,
3689,DXY_1,,
3690,DXZ_1,,
3691,NN_1,,
3692,FC_1,,
3693,DYR_1,,
3694,DYC_1,,
3695,QE_2,,
3696,JW_1,,
3697,DYD_1,,
3698,DYE_1,,
3699,DYF_1,,
3700,DYG_1,,
3701,DYH_1,,
3702,DYQ_1,,
3703,DWM_1,,
3704,DWL_1,,
3705,DWK_1,,
3706,DWJ_1,,
3707,DWI_1,,
3708,DWH_1,,
3709,DWG_1,,
3710,H_4,,
3711,DYB_1,,
3712,KO_1,,
3713,DWN_1,,
3714,DYP_1,,
3715,DYO_1,,
3716,DYN_1,,
3717,DYM_1,,
3718,HQ_1,,
3719,DYL_1,,
3720,LI_1,,
3721,DYK_1,,
3722,DYJ_1,,
3723,DYI_1,,
3724,FO_2,,
3725,AQ_1,,
3726,U_4,,
3727,DUB_1,,
3728,DUC_1,,
3729,DUD_1,,
3730,FB_2,,
3731,BY_1,,
3732,DUF_1,,
3733,DUG_1,,
3734,DUH_1,,
3735,DUI_1,,
3736,DUZ_1,,
3737,DUK_1,,
3738,DUL_1,,
3739,DUM_1,,
3740,DUN_1,,
3741,DUO_1,,
3742,DUP_1,,
3743,NH_1,,
3744,DXS_1,,
3745,KH_2,,
3746,DUR_1,,
3747,DUS_1,,
3748,DUT_1,,
3749,NJ_2,,
3750,DUU_1,,
3751,DUV_1,,
3752,IR_1,,
3753,DUW_1,,
3754,A_5,,
3755,DUX_1,,
3756,DUY_1,,
3757,DWV_1,,
3758,FA_2,,
3759,DXN_1,,
3760,DXO_1,,
3761,DXP_1,,
3762,DXQ_1,,
3763,DXR_1,,
3764,EBY_1,,
3765,AE_3,,
3766,EAC_1,,
3767,EAD_1,,
3768,EAE_1,,
3769,BT_2,,
3770,EAF_1,,
3771,EAG_1,,
3772,EAH_1,,
3773,LC_1,,
3774,EAI_1,,
3775,EAJ_1,,
3776,AE_4,,
3777,EAK_1,,
3778,GF_1,,
3779,FB_1,,
3780,EAL_1,,
3781,EBC_1,,
3782,EAN_1,,
3783,EAO_1,,
3784,EAP_1,,
3785,GP_2,,
3786,DYW_1,,
3787,EAS_1,,
3788,EAT_1,,
3789,EAU_1,,
3790,EAV_1,,
3791,EAW_1,,
3792,IM_1,,
3793,I_3,,
3794,EAX_1,,
3795,EAY_1,,
3796,E_4,,
3797,EAZ_1,,
3798,EBA_1,,
3799,FI_1,,
3800,NS_2,,
3801,EAM_1,,
3802,DYS_1,,
3803,DYT_1,,
3804,FP_1,,
3805,DYU_1,,
3806,DYV_1,,
3807,EAR_1,,
3808,DMR_1,,
3809,LM_1,,
3810,DMS_1,,
3811,DMT_1,,
3812,DMU_1,,
3813,DMV_1,,
3814,DMW_1,,
3815,DMX_1,,
3816,DMY_1,,
3817,DMZ_1,,
3818,DNA_1,,
3819,GJ_2,,
3820,DNR_1,,
3821,OX_1,,
3822,DNC_1,,
3823,DND_1,,
3824,DNE_1,,
3825,DNF_1,,
3826,EAB_1,,
3827,CG_2,,
3828,DNH_1,,
3829,DNI_1,,
3830,HZ_2,,
3831,DNJ_1,,
3832,DG_1,,
3833,DNK_1,,
3834,OT_1,,
3835,DA_2,,
3836,DNL_1,,
3837,BO_2,,
3838,DNM_1,,
3839,DNN_1,,
3840,DNO_1,,
3841,DNP_1,,
3842,DNQ_1,,
3843,OS_2,,
3844,DZX_1,,
3845,DZY_1,,
3846,DZZ_1,,
3847,EAA_1,,
3848,DZM_1,,
3849,ECP_1,,
3850,ECQ_1,,
3851,ECR_1,,
3852,ECS_1,,
3853,ECT_1,,
3854,ECU_1,,
3855,ECV_1,,
3856,ECW_1,,
3857,ECX_1,,
3858,EDO_1,,
3859,ECZ_1,,
3860,EDA_1,,
3861,OR_1,,
3862,EDC_1,,
3863,EDD_1,,
3864,EBI_1,,
3865,EDF_1,,
3866,L_4,,
3867,DI_1,,
3868,EDG_1,,
3869,EDH_1,,
3870,EDI_1,,
3871,EDJ_1,,
3872,EDK_1,,
3873,EDL_1,,
3874,EDM_1,,
3875,EDN_1,,
3876,ECY_1,,
3877,EBD_1,,
3878,EBE_1,,
3879,EBF_1,,
3880,EBG_1,,
3881,EBH_1,,
3882,EDE_1,,
3883,DYX_1,,
3884,OW_2,,
3885,DYY_1,,
3886,DYZ_1,,
3887,DZA_1,,
3888,LP_2,,
3889,DZB_1,,
3890,DZC_1,,
3891,DZD_1,,
3892,DZE_1,,
3893,DZF_1,,
3894,DZW_1,,
3895,OS_1,,
3896,DZH_1,,
3897,DZI_1,,
3898,DZJ_1,,
3899,QD_2,,
3900,EY_1,,
3901,DZK_1,,
3902,DZL_1,,
3903,ECO_1,,
3904,DZN_1,,
3905,FE_1,,
3906,MQ_1,,
3907,DZO_1,,
3908,DZP_1,,
3909,DZQ_1,,
3910,DZR_1,,
3911,DZS_1,,
3912,DZT_1,,
3913,DZU_1,,
3914,DZV_1,,
3915,EBS_1,,
3916,ECJ_1,,
3917,OQ_1,,
3918,ECL_1,,
3919,P_2,,
3920,ECM_1,,
3921,OP_1,,
3922,DJH_1,,
3923,EFO_1,,
3924,EFP_1,,
3925,EFQ_1,,
3926,EFR_1,,
3927,EFS_1,,
3928,EFT_1,,
3929,EFU_1,,
3930,JA_1,,
3931,AL_2,,
3932,OO_2,,
3933,EFV_1,,
3934,EFW_1,,
3935,EFX_1,,
3936,EFY_1,,
3937,EFJ_1,,
3938,EDP_1,,
3939,OQ_2,,
3940,DDW_1,,
3941,EDR_1,,
3942,EEI_1,,
3943,EDT_1,,
3944,ON_2,,
3945,EDV_1,,
3946,EDW_1,,
3947,IS_2,,
3948,EDX_1,,
3949,EDY_1,,
3950,EDZ_1,,
3951,G_2,,
3952,GY_1,,
3953,EEA_1,,
3954,EEB_1,,
3955,DE_2,,
3956,EEC_1,,
3957,EET_1,,
3958,EEE_1,,
3959,EEF_1,,
3960,EEG_1,,
3961,EEH_1,,
3962,CC_3,,
3963,EDS_1,,
3964,ELQ_1,,
3965,ELR_1,,
3966,NZ_2,,
3967,ELS_1,,
3968,ELT_1,,
3969,ELU_1,,
3970,ELV_1,,
3971,AA_3,,
3972,X_1,,
3973,ELW_1,,
3974,ELX_1,,
3975,ELY_1,,
3976,ELZ_1,,
3977,EMA_1,,
3978,EIZ_1,,
3979,EEU_1,,
3980,EEV_1,,
3981,KP_2,,
3982,EEW_1,,
3983,AM_2,,
3984,EFN_1,,
3985,EEY_1,,
3986,EEZ_1,,
3987,EFA_1,,
3988,EFB_1,,
3989,EFC_1,,
3990,EFD_1,,
3991,EFE_1,,
3992,EFF_1,,
3993,EFG_1,,
3994,NY_1,,
3995,EFH_1,,
3996,EFI_1,,
3997,EFZ_1,,
3998,EFK_1,,
3999,MX_1,,
4000,EFL_1,,
4001,GO_2,,
4002,HA_1,,
4003,EFM_1,,
4004,EHJ_1,,
4005,GE_2,,
4006,NK_1,,
4007,BE_2,,
4008,EIA_1,,
4009,EIB_1,,
4010,EIC_1,,
4011,EID_1,,
4012,EIE_1,,
4013,EIF_1,,
4014,EIG_1,,
4015,EIH_1,,
4016,EII_1,,
4017,EIJ_1,,
4018,EHU_1,,
4019,EGA_1,,
4020,DC_1,,
4021,EGB_1,,
4022,EGC_1,,
4023,GH_2,,
4024,EGD_1,,
4025,EGU_1,,
4026,EGF_1,,
4027,EGG_1,,
4028,EGH_1,,
4029,EGI_1,,
4030,CD_3,,
4031,EGJ_1,,
4032,OM_2,,
4033,EGL_1,,
4034,EGM_1,,
4035,EGN_1,,
4036,CV_1,,
4037,LO_1,,
4038,EHE_1,,
4039,EGP_1,,
4040,FV_2,,
4041,EGQ_1,,
4042,LB_2,,
4043,EGR_1,,
4044,EGS_1,,
4045,EGT_1,,
4046,EGE_1,,
4047,EEJ_1,,
4048,EEK_1,,
4049,EEL_1,,
4050,EEM_1,,
4051,AI_2,,
4052,EEN_1,,
4053,CI_3,,
4054,EEO_1,,
4055,IY_2,,
4056,EEP_1,,
4057,EEQ_1,,
4058,EER_1,,
4059,EES_1,,
4060,EGO_1,,
4061,EHF_1,,
4062,IX_1,,
4063,EHG_1,,
4064,EHH_1,,
4065,DU_1,,
4066,EHI_1,,
4067,EHZ_1,,
4068,EHK_1,,
4069,EHL_1,,
4070,CX_3,,
4071,BQ_3,,
4072,EHM_1,,
4073,A_6,,
4074,EHN_1,,
4075,OL_1,,
4076,EHO_1,,
4077,NO_2,,
4078,EHP_1,,
4079,EHQ_1,,
4080,EHR_1,,
4081,HR_1,,
4082,EHS_1,,
4083,EHT_1,,
4084,EIK_1,,
4085,EH_1,,
4086,DJ_1,,
4087,EHV_1,,
4088,EHW_1,,
4089,EHX_1,,
4090,EHY_1,,
4091,EEX_1,,
4092,EKJ_1,,
4093,EKK_1,,
4094,EKL_1,,
4095,EKM_1,,
4096,FF_1,,
4097,EKN_1,,
4098,CS_3,,
4099,EKO_1,,
4100,EKP_1,,
4101,EKQ_1,,
4102,EKR_1,,
4103,EKS_1,,
4104,EKT_1,,
4105,EKU_1,,
4106,EKF_1,,
4107,EIL_1,,
4108,EIM_1,,
4109,FS_2,,
4110,EIO_1,,
4111,EIP_1,,
4112,EIQ_1,,
4113,EIR_1,,
4114,EIS_1,,
4115,EIT_1,,
4116,EIU_1,,
4117,EIV_1,,
4118,EIW_1,,
4119,BM_2,,
4120,EIX_1,,
4121,M_1,,
4122,OJ_1,,
4123,EJP_1,,
4124,EJA_1,,
4125,EJB_1,,
4126,EJC_1,,
4127,EIN_1,,
4128,FKA_1,,
4129,FKB_1,,
4130,FKC_1,,
4131,FKD_1,,
4132,FKE_1,,
4133,FKF_1,,
4134,Q_4,,
4135,FKG_1,,
4136,FKH_1,,
4137,FKI_1,,
4138,FKJ_1,,
4139,FKK_1,,
4140,FKL_1,,
4141,EXQ_1,,
4142,EJQ_1,,
4143,EJR_1,,
4144,EKI_1,,
4145,EJT_1,,
4146,EJU_1,,
4147,EJV_1,,
4148,EJW_1,,
4149,EJX_1,,
4150,FK_2,,
4151,EJY_1,,
4152,EJZ_1,,
4153,EKA_1,,
4154,EKB_1,,
4155,EKC_1,,
4156,EKD_1,,
4157,EKE_1,,
4158,CT_2,,
4159,PZ_2,,
4160,EKV_1,,
4161,EKG_1,,
4162,EKH_1,,
4163,EMF_1,,
4164,EMW_1,,
4165,EMX_1,,
4166,EMY_1,,
4167,FL_2,,
4168,EMZ_1,,
4169,ENA_1,,
4170,ML_2,,
4171,ENB_1,,
4172,ENC_1,,
4173,END_1,,
4174,ENE_1,,
4175,ENF_1,,
4176,ENG_1,,
4177,EMR_1,,
4178,AS_3,,
4179,EKW_1,,
4180,EKX_1,,
4181,EKY_1,,
4182,ELP_1,,
4183,ELA_1,,
4184,ELB_1,,
4185,ELC_1,,
4186,DY_1,,
4187,ELD_1,,
4188,EK_2,,
4189,CS_2,,
4190,DV_1,,
4191,OJ_2,,
4192,ELE_1,,
4193,ELF_1,,
4194,LH_1,,
4195,NR_2,,
4196,CB_3,,
4197,LA_2,,
4198,ELG_1,,
4199,PU_2,,
4200,MP_2,,
4201,AR_3,,
4202,ELH_1,,
4203,ELI_1,,
4204,ELJ_1,,
4205,ELK_1,,
4206,EMB_1,,
4207,ELM_1,,
4208,ELN_1,,
4209,ELO_1,,
4210,EKZ_1,,
4211,EJE_1,,
4212,EJF_1,,
4213,EJG_1,,
4214,PH_2,,
4215,AB_4,,
4216,ES_2,,
4217,EJH_1,,
4218,EJI_1,,
4219,EJJ_1,,
4220,AH_3,,
4221,EJK_1,,
4222,EJL_1,,
4223,EJM_1,,
4224,EJN_1,,
4225,EJO_1,,
4226,ELL_1,,
4227,EMC_1,,
4228,NF_2,,
4229,EMD_1,,
4230,EME_1,,
4231,EMV_1,,
4232,EMG_1,,
4233,EMH_1,,
4234,EMI_1,,
4235,AL_1,,
4236,EMJ_1,,
4237,EMK_1,,
4238,EML_1,,
4239,EMM_1,,
4240,EMN_1,,
4241,EMO_1,,
4242,OI_1,,
4243,EMQ_1,,
4244,ENH_1,,
4245,EMS_1,,
4246,OT_2,,
4247,DD_2,,
4248,EMT_1,,
4249,EMU_1,,
4250,EU_2,,
4251,ETP_1,,
4252,EPK_1,,
4253,EPL_1,,
4254,EPM_1,,
4255,EPN_1,,
4256,EPO_1,,
4257,EPP_1,,
4258,EPQ_1,,
4259,EPR_1,,
4260,EPC_1,,
4261,ENI_1,,
4262,ENJ_1,,
4263,ENK_1,,
4264,AM_1,,
4265,ENL_1,,
4266,OL_2,,
4267,ENM_1,,
4268,ENN_1,,
4269,EOE_1,,
4270,ENP_1,,
4271,FJ_2,,
4272,ENQ_1,,
4273,ENR_1,,
4274,ENS_1,,
4275,ENT_1,,
4276,LS_2,,
4277,CC_1,,
4278,ENU_1,,
4279,ENV_1,,
4280,EOM_1,,
4281,ENX_1,,
4282,ENY_1,,
4283,ENZ_1,,
4284,EOA_1,,
4285,T_4,,
4286,EOB_1,,
4287,EOC_1,,
4288,EOD_1,,
4289,ENO_1,,
4290,EVN_1,,
4291,NI_1,,
4292,OH_2,,
4293,EVP_1,,
4294,AZ_1,,
4295,EVQ_1,,
4296,AJ_1,,
4297,EVR_1,,
4298,EVS_1,,
4299,EVT_1,,
4300,EVU_1,,
4301,EST_1,,
4302,EON_1,,
4303,K_4,,
4304,EOO_1,,
4305,EOP_1,,
4306,EOQ_1,,
4307,EOR_1,,
4308,PN_1,,
4309,EOS_1,,
4310,EPJ_1,,
4311,EOU_1,,
4312,EOV_1,,
4313,KZ_1,,
4314,EOW_1,,
4315,IT_1,,
4316,EOX_1,,
4317,EOY_1,,
4318,EOZ_1,,
4319,AK_3,,
4320,EPA_1,,
4321,EPB_1,,
4322,EPS_1,,
4323,EPD_1,,
4324,EPE_1,,
4325,EPF_1,,
4326,EPG_1,,
4327,EPH_1,,
4328,B_6,,
4329,EPI_1,,
4330,ERG_1,,
4331,ERX_1,,
4332,ERY_1,,
4333,ERZ_1,,
4334,ESA_1,,
4335,PS_2,,
4336,ESB_1,,
4337,ESC_1,,
4338,AA_4,,
4339,ESD_1,,
4340,ERO_1,,
4341,EPT_1,,
4342,EPU_1,,
4343,EPV_1,,
4344,EPW_1,,
4345,EPX_1,,
4346,DA_3,,
4347,EPY_1,,
4348,KF_2,,
4349,EPZ_1,,
4350,PV_1,,
4351,EQY_1,,
4352,O_4,,
4353,EQQ_1,,
4354,EQP_1,,
4355,EQO_1,,
4356,EQN_1,,
4357,EQM_1,,
4358,EQL_1,,
4359,EQK_1,,
4360,BS_3,,
4361,MD_1,,
4362,EQJ_1,,
4363,EQR_1,,
4364,EQH_1,,
4365,EQG_1,,
4366,EQF_1,,
4367,EQE_1,,
4368,EQD_1,,
4369,AK_2,,
4370,EQC_1,,
4371,EQB_1,,
4372,EQA_1,,
4373,BI_1,,
4374,EOF_1,,
4375,EOG_1,,
4376,V_3,,
4377,EOH_1,,
4378,EOI_1,,
4379,EOJ_1,,
4380,EOK_1,,
4381,QB_2,,
4382,EOL_1,,
4383,EQI_1,,
4384,EQZ_1,,
4385,FN_1,,
4386,ERA_1,,
4387,ERB_1,,
4388,ERC_1,,
4389,ERD_1,,
4390,ERE_1,,
4391,HJ_1,,
4392,ERF_1,,
4393,ERW_1,,
4394,GV_1,,
4395,ERH_1,,
4396,ERI_1,,
4397,AQ_2,,
4398,ERJ_1,,
4399,ERK_1,,
4400,ERL_1,,
4401,ERM_1,,
4402,ERN_1,,
4403,ESE_1,,
4404,ERP_1,,
4405,ERQ_1,,
4406,ERR_1,,
4407,ERS_1,,
4408,ERT_1,,
4409,ERU_1,,
4410,GA_2,,
4411,ERV_1,,
4412,EOT_1,,
4413,EUG_1,,
4414,CO_1,,
4415,EUH_1,,
4416,EUI_1,,
4417,EUJ_1,,
4418,EUK_1,,
4419,EUL_1,,
4420,EUM_1,,
4421,EQ_1,,
4422,EUN_1,,
4423,EUO_1,,
4424,ETZ_1,,
4425,ESF_1,,
4426,GF_2,,
4427,ESG_1,,
4428,ESH_1,,
4429,ESI_1,,
4430,ESJ_1,,
4431,ETA_1,,
4432,ESL_1,,
4433,LK_1,,
4434,ESM_1,,
4435,CY_3,,
4436,ESN_1,,
4437,ESO_1,,
4438,ESP_1,,
4439,ESQ_1,,
4440,ESR_1,,
4441,ESS_1,,
4442,ETJ_1,,
4443,ESU_1,,
4444,ESV_1,,
4445,ESW_1,,
4446,ESX_1,,
4447,OG_1,,
4448,OF_1,,
4449,ESK_1,,
4450,EGV_1,,
4451,EGW_1,,
4452,EGX_1,,
4453,EGY_1,,
4454,EGZ_1,,
4455,EHA_1,,
4456,EHB_1,,
4457,EHC_1,,
4458,EHD_1,,
4459,ENW_1,,
4460,ETK_1,,
4461,ETL_1,,
4462,ETM_1,,
4463,ETN_1,,
4464,ETO_1,,
4465,OM_1,,
4466,EUF_1,,
4467,ETQ_1,,
4468,ETR_1,,
4469,ETS_1,,
4470,ETT_1,,
4471,ETU_1,,
4472,FG_2,,
4473,ETV_1,,
4474,EG_2,,
4475,ETW_1,,
4476,ETX_1,,
4477,W_3,,
4478,ETY_1,,
4479,EUP_1,,
4480,EUA_1,,
4481,EUB_1,,
4482,EUC_1,,
4483,CR_3,,
4484,EUD_1,,
4485,EUE_1,,
4486,OR_2,,
4487,EWC_1,,
4488,BM_3,,
4489,EWT_1,,
4490,EWU_1,,
4491,CE_1,,
4492,EWV_1,,
4493,AB_3,,
4494,EWW_1,,
4495,EWX_1,,
4496,EWY_1,,
4497,EWZ_1,,
4498,EXA_1,,
4499,EWL_1,,
4500,EUQ_1,,
4501,FS_1,,
4502,EUR_1,,
4503,EUS_1,,
4504,EUT_1,,
4505,AH_4,,
4506,EUU_1,,
4507,EUV_1,,
4508,Y_4,,
4509,EVM_1,,
4510,EUX_1,,
4511,EUY_1,,
4512,JR_1,,
4513,AK_4,,
4514,AO_4,,
4515,EUZ_1,,
4516,EVA_1,,
4517,EVB_1,,
4518,EVC_1,,
4519,EVD_1,,
4520,EVE_1,,
4521,CM_1,,
4522,HK_1,,
4523,EVV_1,,
4524,EVG_1,,
4525,OP_2,,
4526,EVH_1,,
4527,EVI_1,,
4528,EVJ_1,,
4529,EVK_1,,
4530,OE_2,,
4531,EUW_1,,
4532,Y_1,,
4533,ETB_1,,
4534,MB_1,,
4535,ETC_1,,
4536,ETD_1,,
4537,OD_2,,
4538,OC_2,,
4539,ETF_1,,
4540,ETG_1,,
4541,ETH_1,,
4542,ETI_1,,
4543,EVF_1,,
4544,EVW_1,,
4545,EVX_1,,
4546,FH_1,,
4547,EVY_1,,
4548,EVZ_1,,
4549,KM_1,,
4550,EWA_1,,
4551,I_2,,
4552,AT_1,,
4553,QC_1,,
4554,EWB_1,,
4555,EWS_1,,
4556,EWD_1,,
4557,EWE_1,,
4558,NE_2,,
4559,EWF_1,,
4560,EWG_1,,
4561,EWH_1,,
4562,EWI_1,,
4563,EWJ_1,,
4564,EWK_1,,
4565,EXB_1,,
4566,EWM_1,,
4567,EWN_1,,
4568,NC_2,,
4569,EWO_1,,
4570,EWP_1,,
4571,OC_1,,
4572,EWQ_1,,
4573,EWR_1,,
4574,EJS_1,,
4575,EYX_1,,
4576,EYY_1,,
4577,EYZ_1,,
4578,GX_2,,
4579,EZA_1,,
4580,EZB_1,,
4581,EZC_1,,
4582,EZD_1,,
4583,EZE_1,,
4584,EZF_1,,
4585,EZG_1,,
4586,EZH_1,,
4587,EZI_1,,
4588,FA_1,,
4589,EZJ_1,,
4590,EZK_1,,
4591,EZL_1,,
4592,EXR_1,,
4593,EXC_1,,
4594,EXD_1,,
4595,EXE_1,,
4596,EXF_1,,
4597,EXG_1,,
4598,EXH_1,,
4599,GP_1,,
4600,EXI_1,,
4601,EXJ_1,,
4602,EXK_1,,
4603,EXL_1,,
4604,EXM_1,,
4605,EXN_1,,
4606,BV_3,,
4607,EXO_1,,
4608,EXP_1,,
4609,EYG_1,,
4610,EYW_1,,
4611,FFA_1,,
4612,FFB_1,,
4613,FFC_1,,
4614,OH_1,,
4615,FFD_1,,
4616,FFE_1,,
4617,FI_2,,
4618,OU_2,,
4619,JD_1,,
4620,FFF_1,,
4621,FFG_1,,
4622,FFH_1,,
4623,FFI_1,,
4624,FFJ_1,,
4625,FFK_1,,
4626,FFL_1,,
4627,FFM_1,,
4628,FFN_1,,
4629,FFO_1,,
4630,EZM_1,,
4631,EYH_1,,
4632,EYI_1,,
4633,EYJ_1,,
4634,EYK_1,,
4635,EYL_1,,
4636,EYM_1,,
4637,EYN_1,,
4638,EYO_1,,
4639,EYP_1,,
4640,EYQ_1,,
4641,EYR_1,,
4642,BU_2,,
4643,EYS_1,,
4644,JB_2,,
4645,EYT_1,,
4646,EYU_1,,
4647,EYV_1,,
4648,FAT_1,,
4649,L_2,,
4650,FD_1,,
4651,FBK_1,,
4652,FBL_1,,
4653,FBM_1,,
4654,FBN_1,,
4655,FBO_1,,
4656,FBP_1,,
4657,FBQ_1,,
4658,OO_1,,
4659,FBR_1,,
4660,FBS_1,,
4661,FBT_1,,
4662,FBU_1,,
4663,FBV_1,,
4664,OB_2,,
4665,FBX_1,,
4666,OB_1,,
4667,FBI_1,,
4668,FAD_1,,
4669,DF_1,,
4670,EZO_1,,
4671,EZP_1,,
4672,J_3,,
4673,EZQ_1,,
4674,EZR_1,,
4675,EZS_1,,
4676,EZT_1,,
4677,EZU_1,,
4678,T_2,,
4679,PO_2,,
4680,HV_1,,
4681,EZV_1,,
4682,EZW_1,,
4683,EZX_1,,
4684,EZY_1,,
4685,EZZ_1,,
4686,CA_3,,
4687,FAA_1,,
4688,BJ_3,,
4689,FAB_1,,
4690,QH_1,,
4691,FAS_1,,
4692,CJ_3,,
4693,CA_2,,
4694,CJ_2,,
4695,EZN_1,,
4696,EXS_1,,
4697,EXT_1,,
4698,EXU_1,,
4699,EXV_1,,
4700,EXW_1,,
4701,EXX_1,,
4702,C_1,,
4703,S_2,,
4704,EXY_1,,
4705,EXZ_1,,
4706,EYA_1,,
4707,CN_2,,
4708,EYB_1,,
4709,EYC_1,,
4710,EYD_1,,
4711,EYE_1,,
4712,EYF_1,,
4713,FAC_1,,
4714,FBJ_1,,
4715,FAU_1,,
4716,FAV_1,,
4717,FAW_1,,
4718,FAX_1,,
4719,FAY_1,,
4720,FAZ_1,,
4721,EM_2,,
4722,G_4,,
4723,FBA_1,,
4724,FBB_1,,
4725,FBC_1,,
4726,FBD_1,,
4727,FBE_1,,
4728,FBF_1,,
4729,FBG_1,,
4730,FBH_1,,
4731,FBY_1,,
4732,AN_3,,
4733,LY_1,,
4734,FCN_1,,
4735,FEJ_1,,
4736,FDU_1,,
4737,OA_2,,
4738,FDW_1,,
4739,FDX_1,,
4740,EI_2,,
4741,FDY_1,,
4742,FDZ_1,,
4743,FEA_1,,
4744,FEB_1,,
4745,FEC_1,,
4746,FED_1,,
4747,OI_2,,
4748,FEE_1,,
4749,FY_1,,
4750,FEF_1,,
4751,FEG_1,,
4752,OF_2,,
4753,FEH_1,,
4754,FDD_1,,
4755,FDT_1,,
4756,FBZ_1,,
4757,I_4,,
4758,FCA_1,,
4759,KB_2,,
4760,FCB_1,,
4761,FCC_1,,
4762,NA_1,,
4763,FCD_1,,
4764,FCE_1,,
4765,BO_1,,
4766,KK_1,,
4767,FCF_1,,
4768,FCG_1,,
4769,NQ_1,,
4770,OE_1,,
4771,FCH_1,,
4772,FCI_1,,
4773,OG_2,,
4774,DK_1,,
4775,FCJ_1,,
4776,FCK_1,,
4777,FCL_1,,
4778,FCM_1,,
4779,OA_1,,
4780,FEI_1,,
4781,DDX_1,,
4782,AW_3,,
4783,DDI_1,,
4784,DDJ_1,,
4785,DZ_2,,
4786,DDK_1,,
4787,DDL_1,,
4788,DDM_1,,
4789,DDN_1,,
4790,DDO_1,,
4791,DDP_1,,
4792,DDQ_1,,
4793,DDR_1,,
4794,DDS_1,,
4795,DDT_1,,
4796,ON_1,,
4797,DDU_1,,
4798,DDV_1,,
4799,FDS_1,,
4800,EED_1,,
4801,FDE_1,,
4802,FDF_1,,
4803,FDG_1,,
4804,FDH_1,,
4805,FDI_1,,
4806,FDJ_1,,
4807,FDK_1,,
4808,FDL_1,,
4809,FDM_1,,
4810,FDN_1,,
4811,FDO_1,,
4812,FDP_1,,
4813,FDQ_1,,
4814,FDR_1,,
4815,FEZ_1,,
4816,FGG_1,,
4817,FGH_1,,
4818,FGI_1,,
4819,FGJ_1,,
4820,FGK_1,,
4821,FGL_1,,
4822,FGM_1,,
4823,FGN_1,,
4824,FGO_1,,
4825,FGP_1,,
4826,FGQ_1,,
4827,FGR_1,,
4828,FGS_1,,
4829,FGT_1,,
4830,FGU_1,,
4831,FFP_1,,
4832,FEK_1,,
4833,FEL_1,,
4834,FEM_1,,
4835,FEN_1,,
4836,FEO_1,,
4837,FEP_1,,
4838,FEQ_1,,
4839,FER_1,,
4840,FES_1,,
4841,FET_1,,
4842,FEU_1,,
4843,FEV_1,,
4844,FEW_1,,
4845,FEX_1,,
4846,FEY_1,,
4847,FGF_1,,
4848,FCO_1,,
4849,FCP_1,,
4850,FCQ_1,,
4851,FCR_1,,
4852,FCS_1,,
4853,FCT_1,,
4854,FCU_1,,
4855,FCV_1,,
4856,FCW_1,,
4857,FCX_1,,
4858,FCY_1,,
4859,FCZ_1,,
4860,FDA_1,,
4861,FDB_1,,
4862,FDC_1,,
4863,FGV_1,,
4864,FFQ_1,,
4865,FFR_1,,
4866,FFS_1,,
4867,FFT_1,,
4868,FFU_1,,
4869,FFV_1,,
4870,FFW_1,,
4871,FFX_1,,
4872,FFY_1,,
4873,FFZ_1,,
4874,FGA_1,,
4875,FGB_1,,
4876,FGC_1,,
4877,FGD_1,,
4878,FGE_1,,
4879,FMY_1,,
4880,FIT_1,,
4881,FIU_1,,
4882,FIV_1,,
4883,FIW_1,,
4884,FIX_1,,
4885,FIY_1,,
4886,FIZ_1,,
4887,FJA_1,,
4888,FJB_1,,
4889,FJC_1,,
4890,FJD_1,,
4891,FJE_1,,
4892,FJF_1,,
4893,FIQ_1,,
4894,FGW_1,,
4895,FHN_1,,
4896,FGY_1,,
4897,FGZ_1,,
4898,FHA_1,,
4899,FHB_1,,
4900,FHC_1,,
4901,FHD_1,,
4902,FHE_1,,
4903,FHF_1,,
4904,FHG_1,,
4905,FHH_1,,
4906,FHI_1,,
4907,FHJ_1,,
4908,FIA_1,,
4909,FHL_1,,
4910,FHM_1,,
4911,FGX_1,,
4912,FOW_1,,
4913,FOX_1,,
4914,FOY_1,,
4915,FOZ_1,,
4916,FPA_1,,
4917,FPB_1,,
4918,FPC_1,,
4919,FPD_1,,
4920,FPE_1,,
4921,FPF_1,,
4922,FPG_1,,
4923,FPH_1,,
4924,FPI_1,,
4925,FMH_1,,
4926,FIB_1,,
4927,FIS_1,,
4928,FID_1,,
4929,FIE_1,,
4930,FIF_1,,
4931,FIG_1,,
4932,FIH_1,,
4933,FII_1,,
4934,FIJ_1,,
4935,FIK_1,,
4936,FIL_1,,
4937,FIM_1,,
4938,FIN_1,,
4939,FIO_1,,
4940,FIP_1,,
4941,FJG_1,,
4942,FIR_1,,
4943,FKP_1,,
4944,FLG_1,,
4945,FLH_1,,
4946,FLI_1,,
4947,FLJ_1,,
4948,FLK_1,,
4949,FLL_1,,
4950,FLM_1,,
4951,FLN_1,,
4952,FLO_1,,
4953,FLP_1,,
4954,FLQ_1,,
4955,FLR_1,,
4956,FLC_1,,
4957,FJH_1,,
4958,FJI_1,,
4959,FJZ_1,,
4960,FJK_1,,
4961,FJL_1,,
4962,FJM_1,,
4963,FJN_1,,
4964,FJO_1,,
4965,FJP_1,,
4966,FJQ_1,,
4967,FJR_1,,
4968,FJS_1,,
4969,FJT_1,,
4970,FJU_1,,
4971,FJV_1,,
4972,FKM_1,,
4973,FJX_1,,
4974,FJY_1,,
4975,FJJ_1,,
4976,FT_2,,
4977,FC_2,,
4978,FHO_1,,
4979,FHP_1,,
4980,FHQ_1,,
4981,FHR_1,,
4982,FHS_1,,
4983,FHT_1,,
4984,FHU_1,,
4985,FHV_1,,
4986,FHW_1,,
4987,FHX_1,,
4988,FHY_1,,
4989,FHZ_1,,
4990,PD_1,,
4991,FJW_1,,
4992,FKN_1,,
4993,FKO_1,,
4994,FLF_1,,
4995,FKQ_1,,
4996,FKR_1,,
4997,DM_2,,
4998,FKS_1,,
4999,FKT_1,,
5000,FKU_1,,
5001,FKV_1,,
5002,FKW_1,,
5003,FKX_1,,
5004,FKY_1,,
5005,FKZ_1,,
5006,FLA_1,,
5007,FLB_1,,
5008,FLS_1,,
5009,FLD_1,,
5010,DS_2,,
5011,FLE_1,,
5012,FIC_1,,
5013,FNP_1,,
5014,FNQ_1,,
5015,FNR_1,,
5016,FNS_1,,
5017,FNT_1,,
5018,FNU_1,,
5019,FNV_1,,
5020,FNW_1,,
5021,FNX_1,,
5022,FNY_1,,
5023,FNZ_1,,
5024,FOA_1,,
5025,FOB_1,,
5026,FOC_1,,
5027,FNN_1,,
5028,FMJ_1,,
5029,FLU_1,,
5030,FLV_1,,
5031,FLW_1,,
5032,FLX_1,,
5033,FLY_1,,
5034,FLZ_1,,
5035,FMA_1,,
5036,FMB_1,,
5037,FMC_1,,
5038,FMD_1,,
5039,FME_1,,
5040,FMF_1,,
5041,FMG_1,,
5042,FMX_1,,
5043,FMI_1,,
5044,FLT_1,,
5045,FAE_1,,
5046,FAF_1,,
5047,FAG_1,,
5048,FAH_1,,
5049,FAI_1,,
5050,FAJ_1,,
5051,FAK_1,,
5052,FAL_1,,
5053,FAM_1,,
5054,FAN_1,,
5055,FAO_1,,
5056,FAP_1,,
5057,FAQ_1,,
5058,FAR_1,,
5059,FHK_1,,
5060,FNO_1,,
5061,FMZ_1,,
5062,FNA_1,,
5063,FNB_1,,
5064,FNC_1,,
5065,FND_1,,
5066,FNE_1,,
5067,FNF_1,,
5068,FNG_1,,
5069,FNH_1,,
5070,FNI_1,,
5071,FNJ_1,,
5072,FNK_1,,
5073,FNL_1,,
5074,FNM_1,,
5075,FOD_1,,
5076,FPL_1,,
5077,FQC_1,,
5078,FQD_1,,
5079,FQE_1,,
5080,FQF_1,,
5081,FQG_1,,
5082,FQH_1,,
5083,FQI_1,,
5084,FQJ_1,,
5085,FQK_1,,
5086,FQL_1,,
5087,FQM_1,,
5088,FQN_1,,
5089,FQO_1,,
5090,FPZ_1,,
5091,FOE_1,,
5092,FOV_1,,
5093,FOG_1,,
5094,FOH_1,,
5095,FOI_1,,
5096,FOJ_1,,
5097,FOK_1,,
5098,FOL_1,,
5099,FOM_1,,
5100,FON_1,,
5101,FOO_1,,
5102,FOP_1,,
5103,FOQ_1,,
5104,FOR_1,,
5105,FOS_1,,
5106,FPJ_1,,
5107,FOU_1,,
5108,FOF_1,,
5109,FMK_1,,
5110,FML_1,,
5111,FMM_1,,
5112,FMN_1,,
5113,FMO_1,,
5114,FMP_1,,
5115,FMQ_1,,
5116,FMR_1,,
5117,FMS_1,,
5118,QJ_2,,
5119,FMT_1,,
5120,FMU_1,,
5121,FMV_1,,
5122,FMW_1,,
5123,FOT_1,,
5124,FPK_1,,
5125,FQB_1,,
5126,FPM_1,,
5127,NL_2,,
5128,OD_1,,
5129,GI_2,,
5130,FPN_1,,
5131,FPO_1,,
5132,FPP_1,,
5133,FPQ_1,,
5134,FPR_1,,
5135,FPS_1,,
5136,FPT_1,,
5137,FPU_1,,
5138,FPV_1,,
5139,FPW_1,,
5140,FPX_1,,
5141,FPY_1,,
5142,FQP_1,,
5143,FQA_1,,
5144,FDV_1,,
